customer_id,customer_unique_id,customer_zip_code_prefix,customer_city,customer_state
CUST_000001,UNIQUE_000001,25795,Belo Horizonte,DF
CUST_000002,UNIQUE_000002,10860,Salvador,MG
CUST_000003,UNIQUE_000003,86820,Salvador,AM
CUST_000004,UNIQUE_000004,64886,Salvador,RS
CUST_000005,UNIQUE_000005,16265,Belo Horizonte,DF
CUST_000006,UNIQUE_000006,92386,Porto Alegre,RJ
CUST_000007,UNIQUE_000007,47194,Brasília,RJ
CUST_000008,UNIQUE_000008,97498,Recife,SP
CUST_000009,UNIQUE_000009,54131,Porto Alegre,DF
CUST_000010,UNIQUE_000010,70263,Recife,RS
CUST_000011,UNIQUE_000011,26023,Rio de Janeiro,PE
CUST_000012,UNIQUE_000012,51090,Manaus,PR
CUST_000013,UNIQUE_000013,77221,Manaus,RS
CUST_000014,UNIQUE_000014,74820,Curitiba,PR
CUST_000015,UNIQUE_000015,10769,Manaus,PR
CUST_000016,UNIQUE_000016,69735,Belo Horizonte,AM
CUST_000017,UNIQUE_000017,72955,Fortaleza,SP
CUST_000018,UNIQUE_000018,74925,São Paulo,RS
CUST_000019,UNIQUE_000019,77969,Curitiba,RS
CUST_000020,UNIQUE_000020,15311,São Paulo,AM
CUST_000021,UNIQUE_000021,93104,Recife,DF
CUST_000022,UNIQUE_000022,63707,São Paulo,DF
CUST_000023,UNIQUE_000023,95305,São Paulo,DF
CUST_000024,UNIQUE_000024,38693,Curitiba,CE
CUST_000025,UNIQUE_000025,81932,Rio de Janeiro,PR
CUST_000026,UNIQUE_000026,35658,Salvador,CE
CUST_000027,UNIQUE_000027,94478,Manaus,SP
CUST_000028,UNIQUE_000028,28431,Manaus,AM
CUST_000029,UNIQUE_000029,12747,Belo Horizonte,RS
CUST_000030,UNIQUE_000030,69150,Curitiba,PR
CUST_000031,UNIQUE_000031,75725,Belo Horizonte,CE
CUST_000032,UNIQUE_000032,94654,Fortaleza,CE
CUST_000033,UNIQUE_000033,45773,Fortaleza,BA
CUST_000034,UNIQUE_000034,77435,Belo Horizonte,CE
CUST_000035,UNIQUE_000035,66886,Curitiba,PE
CUST_000036,UNIQUE_000036,76803,Belo Horizonte,RS
CUST_000037,UNIQUE_000037,41551,Manaus,PE
CUST_000038,UNIQUE_000038,21394,Porto Alegre,RS
CUST_000039,UNIQUE_000039,79092,Brasília,AM
CUST_000040,UNIQUE_000040,13890,São Paulo,RS
CUST_000041,UNIQUE_000041,51606,Brasília,PE
CUST_000042,UNIQUE_000042,90038,Curitiba,RS
CUST_000043,UNIQUE_000043,97313,Brasília,AM
CUST_000044,UNIQUE_000044,20627,Fortaleza,AM
CUST_000045,UNIQUE_000045,18792,Recife,SP
CUST_000046,UNIQUE_000046,83969,São Paulo,RS
CUST_000047,UNIQUE_000047,53001,Salvador,BA
CUST_000048,UNIQUE_000048,86552,Curitiba,DF
CUST_000049,UNIQUE_000049,33897,São Paulo,RJ
CUST_000050,UNIQUE_000050,78148,Brasília,AM
CUST_000051,UNIQUE_000051,33483,Fortaleza,MG
CUST_000052,UNIQUE_000052,58555,Rio de Janeiro,DF
CUST_000053,UNIQUE_000053,27159,Porto Alegre,PR
CUST_000054,UNIQUE_000054,90077,Salvador,RS
CUST_000055,UNIQUE_000055,45920,Porto Alegre,PE
CUST_000056,UNIQUE_000056,77121,São Paulo,RJ
CUST_000057,UNIQUE_000057,79479,Fortaleza,MG
CUST_000058,UNIQUE_000058,99475,Fortaleza,DF
CUST_000059,UNIQUE_000059,29457,Brasília,RS
CUST_000060,UNIQUE_000060,76557,Manaus,SP
CUST_000061,UNIQUE_000061,87189,Brasília,PR
CUST_000062,UNIQUE_000062,88953,Manaus,RJ
CUST_000063,UNIQUE_000063,62995,Manaus,BA
CUST_000064,UNIQUE_000064,50757,Salvador,SP
CUST_000065,UNIQUE_000065,19692,Brasília,MG
CUST_000066,UNIQUE_000066,55758,Rio de Janeiro,RJ
CUST_000067,UNIQUE_000067,82409,Belo Horizonte,SP
CUST_000068,UNIQUE_000068,81211,Belo Horizonte,PR
CUST_000069,UNIQUE_000069,75697,Brasília,BA
CUST_000070,UNIQUE_000070,47065,Brasília,SP
CUST_000071,UNIQUE_000071,42606,Porto Alegre,CE
CUST_000072,UNIQUE_000072,21534,Salvador,BA
CUST_000073,UNIQUE_000073,50397,Brasília,MG
CUST_000074,UNIQUE_000074,11016,Porto Alegre,PR
CUST_000075,UNIQUE_000075,99789,Manaus,RS
CUST_000076,UNIQUE_000076,65591,Fortaleza,PE
CUST_000077,UNIQUE_000077,99812,Fortaleza,PE
CUST_000078,UNIQUE_000078,33247,Manaus,PE
CUST_000079,UNIQUE_000079,34300,Curitiba,RJ
CUST_000080,UNIQUE_000080,84065,Porto Alegre,MG
CUST_000081,UNIQUE_000081,92798,Porto Alegre,PR
CUST_000082,UNIQUE_000082,19268,Manaus,BA
CUST_000083,UNIQUE_000083,96807,Rio de Janeiro,RJ
CUST_000084,UNIQUE_000084,22185,Recife,MG
CUST_000085,UNIQUE_000085,73704,São Paulo,RS
CUST_000086,UNIQUE_000086,96779,Manaus,CE
CUST_000087,UNIQUE_000087,49099,Brasília,PR
CUST_000088,UNIQUE_000088,18571,Brasília,PE
CUST_000089,UNIQUE_000089,48044,Salvador,SP
CUST_000090,UNIQUE_000090,61214,Manaus,PR
CUST_000091,UNIQUE_000091,71228,Salvador,AM
CUST_000092,UNIQUE_000092,58984,Manaus,MG
CUST_000093,UNIQUE_000093,50774,Porto Alegre,DF
CUST_000094,UNIQUE_000094,12568,São Paulo,RS
CUST_000095,UNIQUE_000095,72592,Porto Alegre,CE
CUST_000096,UNIQUE_000096,77563,Recife,RS
CUST_000097,UNIQUE_000097,12695,Fortaleza,PR
CUST_000098,UNIQUE_000098,58190,Belo Horizonte,DF
CUST_000099,UNIQUE_000099,15258,Manaus,AM
CUST_000100,UNIQUE_000100,97538,Recife,BA
CUST_000101,UNIQUE_000101,49504,Fortaleza,SP
CUST_000102,UNIQUE_000102,43159,Curitiba,DF
CUST_000103,UNIQUE_000103,23986,São Paulo,MG
CUST_000104,UNIQUE_000104,71858,Salvador,PE
CUST_000105,UNIQUE_000105,22666,Salvador,AM
CUST_000106,UNIQUE_000106,48660,Porto Alegre,SP
CUST_000107,UNIQUE_000107,13561,Brasília,CE
CUST_000108,UNIQUE_000108,36854,Fortaleza,PE
CUST_000109,UNIQUE_000109,74505,Curitiba,PR
CUST_000110,UNIQUE_000110,62251,Recife,DF
CUST_000111,UNIQUE_000111,32662,São Paulo,SP
CUST_000112,UNIQUE_000112,18392,Fortaleza,RJ
CUST_000113,UNIQUE_000113,40535,Curitiba,BA
CUST_000114,UNIQUE_000114,88603,Belo Horizonte,BA
CUST_000115,UNIQUE_000115,62256,Manaus,AM
CUST_000116,UNIQUE_000116,99135,Salvador,CE
CUST_000117,UNIQUE_000117,45222,Recife,AM
CUST_000118,UNIQUE_000118,87373,Salvador,RJ
CUST_000119,UNIQUE_000119,89575,Recife,MG
CUST_000120,UNIQUE_000120,94651,Porto Alegre,CE
CUST_000121,UNIQUE_000121,73335,Brasília,RS
CUST_000122,UNIQUE_000122,20965,Recife,MG
CUST_000123,UNIQUE_000123,34538,Salvador,CE
CUST_000124,UNIQUE_000124,80592,Porto Alegre,CE
CUST_000125,UNIQUE_000125,18110,Recife,RJ
CUST_000126,UNIQUE_000126,89309,Belo Horizonte,PR
CUST_000127,UNIQUE_000127,37266,Brasília,RJ
CUST_000128,UNIQUE_000128,62992,Recife,CE
CUST_000129,UNIQUE_000129,92948,Porto Alegre,SP
CUST_000130,UNIQUE_000130,16910,Fortaleza,MG
CUST_000131,UNIQUE_000131,10206,Rio de Janeiro,RJ
CUST_000132,UNIQUE_000132,97054,Curitiba,PR
CUST_000133,UNIQUE_000133,97897,Rio de Janeiro,DF
CUST_000134,UNIQUE_000134,33419,Rio de Janeiro,AM
CUST_000135,UNIQUE_000135,60636,São Paulo,CE
CUST_000136,UNIQUE_000136,60015,Belo Horizonte,RS
CUST_000137,UNIQUE_000137,64268,Fortaleza,DF
CUST_000138,UNIQUE_000138,97939,Manaus,BA
CUST_000139,UNIQUE_000139,28141,Recife,PE
CUST_000140,UNIQUE_000140,90356,Curitiba,PR
CUST_000141,UNIQUE_000141,81910,Brasília,RS
CUST_000142,UNIQUE_000142,66044,Fortaleza,PE
CUST_000143,UNIQUE_000143,77214,Salvador,PR
CUST_000144,UNIQUE_000144,43827,Manaus,SP
CUST_000145,UNIQUE_000145,65820,São Paulo,AM
CUST_000146,UNIQUE_000146,72623,São Paulo,DF
CUST_000147,UNIQUE_000147,91734,Fortaleza,MG
CUST_000148,UNIQUE_000148,85450,Porto Alegre,PR
CUST_000149,UNIQUE_000149,32299,Rio de Janeiro,MG
CUST_000150,UNIQUE_000150,53585,Salvador,AM
CUST_000151,UNIQUE_000151,74044,São Paulo,CE
CUST_000152,UNIQUE_000152,52557,Curitiba,BA
CUST_000153,UNIQUE_000153,59080,São Paulo,DF
CUST_000154,UNIQUE_000154,12693,Brasília,AM
CUST_000155,UNIQUE_000155,79163,Recife,AM
CUST_000156,UNIQUE_000156,35939,São Paulo,SP
CUST_000157,UNIQUE_000157,58925,Brasília,PE
CUST_000158,UNIQUE_000158,52941,Fortaleza,BA
CUST_000159,UNIQUE_000159,31834,Fortaleza,DF
CUST_000160,UNIQUE_000160,28047,Manaus,CE
CUST_000161,UNIQUE_000161,36105,São Paulo,CE
CUST_000162,UNIQUE_000162,85766,Curitiba,RJ
CUST_000163,UNIQUE_000163,25707,São Paulo,AM
CUST_000164,UNIQUE_000164,31976,Curitiba,PR
CUST_000165,UNIQUE_000165,54262,Belo Horizonte,SP
CUST_000166,UNIQUE_000166,33776,Manaus,BA
CUST_000167,UNIQUE_000167,40080,Belo Horizonte,CE
CUST_000168,UNIQUE_000168,76842,São Paulo,DF
CUST_000169,UNIQUE_000169,71373,Manaus,RJ
CUST_000170,UNIQUE_000170,16776,Belo Horizonte,DF
CUST_000171,UNIQUE_000171,65016,Rio de Janeiro,SP
CUST_000172,UNIQUE_000172,19474,São Paulo,PR
CUST_000173,UNIQUE_000173,68053,Belo Horizonte,RJ
CUST_000174,UNIQUE_000174,31959,Rio de Janeiro,RJ
CUST_000175,UNIQUE_000175,15530,Rio de Janeiro,PE
CUST_000176,UNIQUE_000176,13748,Fortaleza,BA
CUST_000177,UNIQUE_000177,23545,São Paulo,RJ
CUST_000178,UNIQUE_000178,76199,Rio de Janeiro,PE
CUST_000179,UNIQUE_000179,44766,Fortaleza,PE
CUST_000180,UNIQUE_000180,83530,Belo Horizonte,SP
CUST_000181,UNIQUE_000181,71087,Brasília,MG
CUST_000182,UNIQUE_000182,78840,São Paulo,DF
CUST_000183,UNIQUE_000183,64384,Manaus,PR
CUST_000184,UNIQUE_000184,61005,Curitiba,RS
CUST_000185,UNIQUE_000185,56576,Curitiba,DF
CUST_000186,UNIQUE_000186,49353,Belo Horizonte,RJ
CUST_000187,UNIQUE_000187,72003,Porto Alegre,PR
CUST_000188,UNIQUE_000188,93211,Porto Alegre,CE
CUST_000189,UNIQUE_000189,62733,Belo Horizonte,MG
CUST_000190,UNIQUE_000190,75318,Rio de Janeiro,CE
CUST_000191,UNIQUE_000191,99474,São Paulo,CE
CUST_000192,UNIQUE_000192,33664,Curitiba,BA
CUST_000193,UNIQUE_000193,77172,Curitiba,DF
CUST_000194,UNIQUE_000194,95616,Rio de Janeiro,RS
CUST_000195,UNIQUE_000195,36736,Curitiba,SP
CUST_000196,UNIQUE_000196,10854,Manaus,RS
CUST_000197,UNIQUE_000197,48623,São Paulo,CE
CUST_000198,UNIQUE_000198,17392,Recife,RJ
CUST_000199,UNIQUE_000199,65680,Curitiba,MG
CUST_000200,UNIQUE_000200,56717,Belo Horizonte,AM
CUST_000201,UNIQUE_000201,97092,Manaus,RS
CUST_000202,UNIQUE_000202,60859,Curitiba,CE
CUST_000203,UNIQUE_000203,36309,Manaus,MG
CUST_000204,UNIQUE_000204,97455,Fortaleza,PR
CUST_000205,UNIQUE_000205,73734,Recife,DF
CUST_000206,UNIQUE_000206,80467,Salvador,PE
CUST_000207,UNIQUE_000207,62662,Belo Horizonte,BA
CUST_000208,UNIQUE_000208,22688,Belo Horizonte,MG
CUST_000209,UNIQUE_000209,35342,São Paulo,RJ
CUST_000210,UNIQUE_000210,47157,Manaus,RJ
CUST_000211,UNIQUE_000211,77863,Rio de Janeiro,MG
CUST_000212,UNIQUE_000212,62083,Belo Horizonte,RJ
CUST_000213,UNIQUE_000213,75733,Manaus,DF
CUST_000214,UNIQUE_000214,99045,Manaus,RJ
CUST_000215,UNIQUE_000215,44698,Brasília,RS
CUST_000216,UNIQUE_000216,90623,Brasília,PE
CUST_000217,UNIQUE_000217,32671,Salvador,RJ
CUST_000218,UNIQUE_000218,35184,Fortaleza,PE
CUST_000219,UNIQUE_000219,52107,Salvador,CE
CUST_000220,UNIQUE_000220,96202,Curitiba,SP
CUST_000221,UNIQUE_000221,61663,Rio de Janeiro,DF
CUST_000222,UNIQUE_000222,25708,Curitiba,SP
CUST_000223,UNIQUE_000223,59811,Porto Alegre,CE
CUST_000224,UNIQUE_000224,12811,Curitiba,DF
CUST_000225,UNIQUE_000225,66250,São Paulo,MG
CUST_000226,UNIQUE_000226,82082,Curitiba,MG
CUST_000227,UNIQUE_000227,44754,Salvador,PE
CUST_000228,UNIQUE_000228,21411,Belo Horizonte,CE
CUST_000229,UNIQUE_000229,12911,Belo Horizonte,PE
CUST_000230,UNIQUE_000230,77270,Brasília,BA
CUST_000231,UNIQUE_000231,93763,Rio de Janeiro,RJ
CUST_000232,UNIQUE_000232,18680,Rio de Janeiro,AM
CUST_000233,UNIQUE_000233,94896,São Paulo,BA
CUST_000234,UNIQUE_000234,93879,Salvador,RJ
CUST_000235,UNIQUE_000235,81295,Brasília,DF
CUST_000236,UNIQUE_000236,98614,Porto Alegre,PE
CUST_000237,UNIQUE_000237,21111,Rio de Janeiro,DF
CUST_000238,UNIQUE_000238,47504,Belo Horizonte,DF
CUST_000239,UNIQUE_000239,11802,Curitiba,RJ
CUST_000240,UNIQUE_000240,18155,Curitiba,CE
CUST_000241,UNIQUE_000241,83656,Brasília,RJ
CUST_000242,UNIQUE_000242,49384,Salvador,PR
CUST_000243,UNIQUE_000243,57254,Salvador,MG
CUST_000244,UNIQUE_000244,31918,Fortaleza,MG
CUST_000245,UNIQUE_000245,95981,Recife,BA
CUST_000246,UNIQUE_000246,70713,Rio de Janeiro,MG
CUST_000247,UNIQUE_000247,40306,Salvador,RJ
CUST_000248,UNIQUE_000248,26646,Belo Horizonte,RS
CUST_000249,UNIQUE_000249,56843,Brasília,PE
CUST_000250,UNIQUE_000250,26371,Porto Alegre,RJ
CUST_000251,UNIQUE_000251,87371,Fortaleza,RJ
CUST_000252,UNIQUE_000252,12049,Manaus,AM
CUST_000253,UNIQUE_000253,41616,São Paulo,PE
CUST_000254,UNIQUE_000254,30932,Porto Alegre,PR
CUST_000255,UNIQUE_000255,39855,Manaus,MG
CUST_000256,UNIQUE_000256,71434,Curitiba,PE
CUST_000257,UNIQUE_000257,82694,São Paulo,MG
CUST_000258,UNIQUE_000258,53016,Rio de Janeiro,BA
CUST_000259,UNIQUE_000259,17400,Belo Horizonte,PE
CUST_000260,UNIQUE_000260,52642,São Paulo,MG
CUST_000261,UNIQUE_000261,25151,Recife,PR
CUST_000262,UNIQUE_000262,61407,Manaus,SP
CUST_000263,UNIQUE_000263,76690,Rio de Janeiro,DF
CUST_000264,UNIQUE_000264,14499,Recife,DF
CUST_000265,UNIQUE_000265,16295,Curitiba,PR
CUST_000266,UNIQUE_000266,69040,Recife,AM
CUST_000267,UNIQUE_000267,22183,Fortaleza,SP
CUST_000268,UNIQUE_000268,39299,Fortaleza,BA
CUST_000269,UNIQUE_000269,22874,Brasília,PR
CUST_000270,UNIQUE_000270,42711,Porto Alegre,DF
CUST_000271,UNIQUE_000271,15539,Porto Alegre,DF
CUST_000272,UNIQUE_000272,63351,Rio de Janeiro,DF
CUST_000273,UNIQUE_000273,71267,Curitiba,CE
CUST_000274,UNIQUE_000274,58354,Salvador,PR
CUST_000275,UNIQUE_000275,12557,Fortaleza,RJ
CUST_000276,UNIQUE_000276,48360,Rio de Janeiro,BA
CUST_000277,UNIQUE_000277,92018,Salvador,DF
CUST_000278,UNIQUE_000278,12200,Porto Alegre,MG
CUST_000279,UNIQUE_000279,78497,Brasília,PR
CUST_000280,UNIQUE_000280,56975,Recife,CE
CUST_000281,UNIQUE_000281,31357,Fortaleza,PR
CUST_000282,UNIQUE_000282,87505,Rio de Janeiro,BA
CUST_000283,UNIQUE_000283,12869,São Paulo,CE
CUST_000284,UNIQUE_000284,71135,Salvador,BA
CUST_000285,UNIQUE_000285,60108,Recife,PR
CUST_000286,UNIQUE_000286,48467,Fortaleza,RJ
CUST_000287,UNIQUE_000287,33328,Porto Alegre,BA
CUST_000288,UNIQUE_000288,96831,Curitiba,CE
CUST_000289,UNIQUE_000289,13987,Salvador,CE
CUST_000290,UNIQUE_000290,68871,Porto Alegre,BA
CUST_000291,UNIQUE_000291,32399,Fortaleza,RS
CUST_000292,UNIQUE_000292,56214,Salvador,PR
CUST_000293,UNIQUE_000293,96416,Recife,RS
CUST_000294,UNIQUE_000294,80271,Fortaleza,AM
CUST_000295,UNIQUE_000295,54064,Manaus,PR
CUST_000296,UNIQUE_000296,80091,Rio de Janeiro,BA
CUST_000297,UNIQUE_000297,50818,Recife,SP
CUST_000298,UNIQUE_000298,55525,Salvador,BA
CUST_000299,UNIQUE_000299,29830,Curitiba,RS
CUST_000300,UNIQUE_000300,27429,Porto Alegre,RJ
CUST_000301,UNIQUE_000301,16893,São Paulo,BA
CUST_000302,UNIQUE_000302,89909,Porto Alegre,BA
CUST_000303,UNIQUE_000303,57333,Salvador,RJ
CUST_000304,UNIQUE_000304,13436,Porto Alegre,BA
CUST_000305,UNIQUE_000305,84290,Rio de Janeiro,DF
CUST_000306,UNIQUE_000306,86213,Fortaleza,SP
CUST_000307,UNIQUE_000307,15895,São Paulo,MG
CUST_000308,UNIQUE_000308,29738,Belo Horizonte,SP
CUST_000309,UNIQUE_000309,40746,Salvador,BA
CUST_000310,UNIQUE_000310,59377,Brasília,DF
CUST_000311,UNIQUE_000311,58404,Belo Horizonte,PR
CUST_000312,UNIQUE_000312,64045,Porto Alegre,BA
CUST_000313,UNIQUE_000313,49790,Salvador,RS
CUST_000314,UNIQUE_000314,15600,Manaus,DF
CUST_000315,UNIQUE_000315,50764,Brasília,RJ
CUST_000316,UNIQUE_000316,84543,São Paulo,DF
CUST_000317,UNIQUE_000317,55714,Curitiba,RJ
CUST_000318,UNIQUE_000318,66835,Manaus,AM
CUST_000319,UNIQUE_000319,83744,Belo Horizonte,MG
CUST_000320,UNIQUE_000320,66491,Fortaleza,PE
CUST_000321,UNIQUE_000321,28589,Rio de Janeiro,DF
CUST_000322,UNIQUE_000322,53484,Curitiba,CE
CUST_000323,UNIQUE_000323,92989,Manaus,RS
CUST_000324,UNIQUE_000324,46212,Fortaleza,BA
CUST_000325,UNIQUE_000325,53525,Fortaleza,RS
CUST_000326,UNIQUE_000326,57202,Salvador,SP
CUST_000327,UNIQUE_000327,42635,Manaus,PE
CUST_000328,UNIQUE_000328,73208,São Paulo,SP
CUST_000329,UNIQUE_000329,43828,Porto Alegre,AM
CUST_000330,UNIQUE_000330,28711,Brasília,PE
CUST_000331,UNIQUE_000331,13420,Brasília,PE
CUST_000332,UNIQUE_000332,10301,Belo Horizonte,SP
CUST_000333,UNIQUE_000333,55236,Belo Horizonte,RJ
CUST_000334,UNIQUE_000334,76235,Brasília,SP
CUST_000335,UNIQUE_000335,64240,São Paulo,RS
CUST_000336,UNIQUE_000336,75726,Rio de Janeiro,RJ
CUST_000337,UNIQUE_000337,20492,Recife,RS
CUST_000338,UNIQUE_000338,16102,Porto Alegre,AM
CUST_000339,UNIQUE_000339,60336,Rio de Janeiro,BA
CUST_000340,UNIQUE_000340,95314,Salvador,PR
CUST_000341,UNIQUE_000341,36641,Recife,RJ
CUST_000342,UNIQUE_000342,44584,Recife,AM
CUST_000343,UNIQUE_000343,42745,Manaus,CE
CUST_000344,UNIQUE_000344,33093,São Paulo,AM
CUST_000345,UNIQUE_000345,76105,São Paulo,SP
CUST_000346,UNIQUE_000346,61885,Recife,SP
CUST_000347,UNIQUE_000347,46631,Manaus,PR
CUST_000348,UNIQUE_000348,82991,Porto Alegre,AM
CUST_000349,UNIQUE_000349,14014,Recife,MG
CUST_000350,UNIQUE_000350,21093,Curitiba,BA
CUST_000351,UNIQUE_000351,28070,Belo Horizonte,SP
CUST_000352,UNIQUE_000352,45777,Belo Horizonte,PR
CUST_000353,UNIQUE_000353,66958,Rio de Janeiro,BA
CUST_000354,UNIQUE_000354,92074,Salvador,AM
CUST_000355,UNIQUE_000355,20729,Belo Horizonte,AM
CUST_000356,UNIQUE_000356,55017,Fortaleza,PE
CUST_000357,UNIQUE_000357,76320,Rio de Janeiro,PR
CUST_000358,UNIQUE_000358,37751,Belo Horizonte,SP
CUST_000359,UNIQUE_000359,88069,Salvador,MG
CUST_000360,UNIQUE_000360,64748,São Paulo,AM
CUST_000361,UNIQUE_000361,15801,São Paulo,MG
CUST_000362,UNIQUE_000362,29190,Porto Alegre,AM
CUST_000363,UNIQUE_000363,59689,Recife,SP
CUST_000364,UNIQUE_000364,60993,Curitiba,BA
CUST_000365,UNIQUE_000365,39592,São Paulo,DF
CUST_000366,UNIQUE_000366,20647,Manaus,BA
CUST_000367,UNIQUE_000367,18716,Belo Horizonte,AM
CUST_000368,UNIQUE_000368,98891,Manaus,RS
CUST_000369,UNIQUE_000369,97545,Salvador,DF
CUST_000370,UNIQUE_000370,99912,São Paulo,DF
CUST_000371,UNIQUE_000371,80316,Curitiba,MG
CUST_000372,UNIQUE_000372,12368,Salvador,PR
CUST_000373,UNIQUE_000373,87575,Fortaleza,MG
CUST_000374,UNIQUE_000374,16655,Fortaleza,MG
CUST_000375,UNIQUE_000375,80031,Manaus,RS
CUST_000376,UNIQUE_000376,86429,Recife,BA
CUST_000377,UNIQUE_000377,97922,Rio de Janeiro,BA
CUST_000378,UNIQUE_000378,65766,Recife,CE
CUST_000379,UNIQUE_000379,23403,Porto Alegre,AM
CUST_000380,UNIQUE_000380,42097,Recife,RS
CUST_000381,UNIQUE_000381,88657,Porto Alegre,CE
CUST_000382,UNIQUE_000382,20966,Porto Alegre,SP
CUST_000383,UNIQUE_000383,62921,Curitiba,AM
CUST_000384,UNIQUE_000384,59726,São Paulo,AM
CUST_000385,UNIQUE_000385,60300,Curitiba,PE
CUST_000386,UNIQUE_000386,32677,Porto Alegre,PE
CUST_000387,UNIQUE_000387,65609,Salvador,RJ
CUST_000388,UNIQUE_000388,66661,Fortaleza,RJ
CUST_000389,UNIQUE_000389,41024,Porto Alegre,MG
CUST_000390,UNIQUE_000390,80313,Curitiba,SP
CUST_000391,UNIQUE_000391,63006,Salvador,DF
CUST_000392,UNIQUE_000392,25338,Curitiba,DF
CUST_000393,UNIQUE_000393,78027,Recife,PE
CUST_000394,UNIQUE_000394,90135,Belo Horizonte,PE
CUST_000395,UNIQUE_000395,29508,Manaus,PE
CUST_000396,UNIQUE_000396,13051,Rio de Janeiro,RS
CUST_000397,UNIQUE_000397,58747,Curitiba,PR
CUST_000398,UNIQUE_000398,97142,Rio de Janeiro,RJ
CUST_000399,UNIQUE_000399,97235,Brasília,RS
CUST_000400,UNIQUE_000400,64021,Curitiba,BA
CUST_000401,UNIQUE_000401,76412,Belo Horizonte,DF
CUST_000402,UNIQUE_000402,68335,Rio de Janeiro,AM
CUST_000403,UNIQUE_000403,66179,Porto Alegre,RJ
CUST_000404,UNIQUE_000404,42093,Curitiba,CE
CUST_000405,UNIQUE_000405,79678,São Paulo,BA
CUST_000406,UNIQUE_000406,90738,Manaus,RJ
CUST_000407,UNIQUE_000407,49734,Belo Horizonte,RS
CUST_000408,UNIQUE_000408,82615,Rio de Janeiro,SP
CUST_000409,UNIQUE_000409,83523,Belo Horizonte,AM
CUST_000410,UNIQUE_000410,27019,Salvador,RJ
CUST_000411,UNIQUE_000411,93613,Manaus,PR
CUST_000412,UNIQUE_000412,96672,Porto Alegre,PE
CUST_000413,UNIQUE_000413,83847,Curitiba,PE
CUST_000414,UNIQUE_000414,92750,Curitiba,AM
CUST_000415,UNIQUE_000415,89634,Curitiba,RS
CUST_000416,UNIQUE_000416,38251,Manaus,PE
CUST_000417,UNIQUE_000417,35945,São Paulo,RJ
CUST_000418,UNIQUE_000418,42217,Brasília,CE
CUST_000419,UNIQUE_000419,18308,Fortaleza,DF
CUST_000420,UNIQUE_000420,15949,Recife,DF
CUST_000421,UNIQUE_000421,61990,Rio de Janeiro,BA
CUST_000422,UNIQUE_000422,11150,São Paulo,MG
CUST_000423,UNIQUE_000423,99480,Porto Alegre,SP
CUST_000424,UNIQUE_000424,84740,Rio de Janeiro,AM
CUST_000425,UNIQUE_000425,76617,Curitiba,BA
CUST_000426,UNIQUE_000426,26896,Belo Horizonte,MG
CUST_000427,UNIQUE_000427,56175,Porto Alegre,RS
CUST_000428,UNIQUE_000428,17805,Rio de Janeiro,PR
CUST_000429,UNIQUE_000429,15237,Curitiba,PR
CUST_000430,UNIQUE_000430,30056,Rio de Janeiro,SP
CUST_000431,UNIQUE_000431,55543,Belo Horizonte,PE
CUST_000432,UNIQUE_000432,66556,Curitiba,RJ
CUST_000433,UNIQUE_000433,13343,Brasília,BA
CUST_000434,UNIQUE_000434,23500,São Paulo,BA
CUST_000435,UNIQUE_000435,63222,Salvador,AM
CUST_000436,UNIQUE_000436,39375,Recife,AM
CUST_000437,UNIQUE_000437,19662,Manaus,PR
CUST_000438,UNIQUE_000438,26964,Recife,PR
CUST_000439,UNIQUE_000439,69638,Porto Alegre,CE
CUST_000440,UNIQUE_000440,83666,Recife,CE
CUST_000441,UNIQUE_000441,95067,Curitiba,PE
CUST_000442,UNIQUE_000442,77215,Brasília,CE
CUST_000443,UNIQUE_000443,79042,Salvador,RJ
CUST_000444,UNIQUE_000444,23284,São Paulo,RJ
CUST_000445,UNIQUE_000445,82789,São Paulo,BA
CUST_000446,UNIQUE_000446,94664,Belo Horizonte,DF
CUST_000447,UNIQUE_000447,71389,Manaus,RJ
CUST_000448,UNIQUE_000448,19435,Rio de Janeiro,MG
CUST_000449,UNIQUE_000449,64340,Brasília,PR
CUST_000450,UNIQUE_000450,54078,Rio de Janeiro,AM
CUST_000451,UNIQUE_000451,88832,Salvador,CE
CUST_000452,UNIQUE_000452,61293,Recife,BA
CUST_000453,UNIQUE_000453,88781,São Paulo,SP
CUST_000454,UNIQUE_000454,70403,Salvador,AM
CUST_000455,UNIQUE_000455,39124,Recife,MG
CUST_000456,UNIQUE_000456,53919,São Paulo,CE
CUST_000457,UNIQUE_000457,45247,Recife,MG
CUST_000458,UNIQUE_000458,72752,Manaus,PR
CUST_000459,UNIQUE_000459,66573,Brasília,PR
CUST_000460,UNIQUE_000460,69101,Porto Alegre,PE
CUST_000461,UNIQUE_000461,36646,Salvador,BA
CUST_000462,UNIQUE_000462,33049,Salvador,AM
CUST_000463,UNIQUE_000463,89605,Fortaleza,RS
CUST_000464,UNIQUE_000464,78385,Curitiba,RS
CUST_000465,UNIQUE_000465,50158,Manaus,AM
CUST_000466,UNIQUE_000466,75417,Manaus,SP
CUST_000467,UNIQUE_000467,33289,Rio de Janeiro,BA
CUST_000468,UNIQUE_000468,19823,Recife,MG
CUST_000469,UNIQUE_000469,70160,Curitiba,SP
CUST_000470,UNIQUE_000470,51975,Brasília,DF
CUST_000471,UNIQUE_000471,19540,Brasília,AM
CUST_000472,UNIQUE_000472,26364,Manaus,MG
CUST_000473,UNIQUE_000473,14611,Brasília,RS
CUST_000474,UNIQUE_000474,37663,Fortaleza,RJ
CUST_000475,UNIQUE_000475,61991,Salvador,PE
CUST_000476,UNIQUE_000476,67679,Belo Horizonte,RS
CUST_000477,UNIQUE_000477,40977,Porto Alegre,BA
CUST_000478,UNIQUE_000478,59115,Rio de Janeiro,PR
CUST_000479,UNIQUE_000479,98223,Recife,RJ
CUST_000480,UNIQUE_000480,70890,Porto Alegre,PE
CUST_000481,UNIQUE_000481,76387,Recife,PE
CUST_000482,UNIQUE_000482,28071,São Paulo,DF
CUST_000483,UNIQUE_000483,69275,Porto Alegre,DF
CUST_000484,UNIQUE_000484,82369,Belo Horizonte,CE
CUST_000485,UNIQUE_000485,21938,Manaus,RS
CUST_000486,UNIQUE_000486,45195,Fortaleza,RS
CUST_000487,UNIQUE_000487,14000,Salvador,RS
CUST_000488,UNIQUE_000488,80588,Salvador,CE
CUST_000489,UNIQUE_000489,48304,Fortaleza,SP
CUST_000490,UNIQUE_000490,79449,Curitiba,PE
CUST_000491,UNIQUE_000491,92986,São Paulo,RJ
CUST_000492,UNIQUE_000492,99643,Recife,BA
CUST_000493,UNIQUE_000493,30764,Belo Horizonte,PE
CUST_000494,UNIQUE_000494,96027,Brasília,DF
CUST_000495,UNIQUE_000495,48494,Porto Alegre,MG
CUST_000496,UNIQUE_000496,13373,São Paulo,PR
CUST_000497,UNIQUE_000497,22161,Porto Alegre,CE
CUST_000498,UNIQUE_000498,37350,Belo Horizonte,AM
CUST_000499,UNIQUE_000499,35351,Rio de Janeiro,MG
CUST_000500,UNIQUE_000500,98668,Rio de Janeiro,BA
CUST_000501,UNIQUE_000501,25305,São Paulo,RS
CUST_000502,UNIQUE_000502,85353,Manaus,DF
CUST_000503,UNIQUE_000503,86797,Belo Horizonte,DF
CUST_000504,UNIQUE_000504,75953,Belo Horizonte,DF
CUST_000505,UNIQUE_000505,67458,Fortaleza,RS
CUST_000506,UNIQUE_000506,30358,Manaus,AM
CUST_000507,UNIQUE_000507,13267,Recife,CE
CUST_000508,UNIQUE_000508,92745,Recife,MG
CUST_000509,UNIQUE_000509,99588,Brasília,RS
CUST_000510,UNIQUE_000510,48513,Salvador,BA
CUST_000511,UNIQUE_000511,36092,Rio de Janeiro,CE
CUST_000512,UNIQUE_000512,21338,Recife,BA
CUST_000513,UNIQUE_000513,10412,Manaus,CE
CUST_000514,UNIQUE_000514,17543,Belo Horizonte,AM
CUST_000515,UNIQUE_000515,43496,Recife,PR
CUST_000516,UNIQUE_000516,70692,Belo Horizonte,BA
CUST_000517,UNIQUE_000517,99084,Recife,RS
CUST_000518,UNIQUE_000518,54425,Rio de Janeiro,CE
CUST_000519,UNIQUE_000519,48756,Porto Alegre,DF
CUST_000520,UNIQUE_000520,28888,Recife,PE
CUST_000521,UNIQUE_000521,45735,Manaus,DF
CUST_000522,UNIQUE_000522,57295,Recife,SP
CUST_000523,UNIQUE_000523,93042,Salvador,PR
CUST_000524,UNIQUE_000524,95999,Rio de Janeiro,PR
CUST_000525,UNIQUE_000525,27955,Manaus,DF
CUST_000526,UNIQUE_000526,47841,Fortaleza,MG
CUST_000527,UNIQUE_000527,80640,Manaus,AM
CUST_000528,UNIQUE_000528,75510,Salvador,BA
CUST_000529,UNIQUE_000529,44911,Porto Alegre,RS
CUST_000530,UNIQUE_000530,69031,Rio de Janeiro,PR
CUST_000531,UNIQUE_000531,98726,Fortaleza,DF
CUST_000532,UNIQUE_000532,17357,Salvador,DF
CUST_000533,UNIQUE_000533,42479,Salvador,AM
CUST_000534,UNIQUE_000534,71476,São Paulo,AM
CUST_000535,UNIQUE_000535,54811,Rio de Janeiro,RJ
CUST_000536,UNIQUE_000536,46208,Manaus,RJ
CUST_000537,UNIQUE_000537,30150,Belo Horizonte,MG
CUST_000538,UNIQUE_000538,81180,Porto Alegre,MG
CUST_000539,UNIQUE_000539,53286,Belo Horizonte,SP
CUST_000540,UNIQUE_000540,78450,Manaus,MG
CUST_000541,UNIQUE_000541,31352,Manaus,CE
CUST_000542,UNIQUE_000542,65069,Rio de Janeiro,AM
CUST_000543,UNIQUE_000543,24397,Manaus,RS
CUST_000544,UNIQUE_000544,51555,São Paulo,CE
CUST_000545,UNIQUE_000545,56959,Fortaleza,BA
CUST_000546,UNIQUE_000546,10728,Manaus,DF
CUST_000547,UNIQUE_000547,60517,Belo Horizonte,MG
CUST_000548,UNIQUE_000548,76234,Manaus,DF
CUST_000549,UNIQUE_000549,49954,São Paulo,PR
CUST_000550,UNIQUE_000550,57280,Recife,SP
CUST_000551,UNIQUE_000551,89459,Recife,PR
CUST_000552,UNIQUE_000552,26779,Salvador,SP
CUST_000553,UNIQUE_000553,73932,Porto Alegre,RJ
CUST_000554,UNIQUE_000554,82936,Brasília,DF
CUST_000555,UNIQUE_000555,34466,Fortaleza,SP
CUST_000556,UNIQUE_000556,46939,Curitiba,PE
CUST_000557,UNIQUE_000557,79896,Salvador,CE
CUST_000558,UNIQUE_000558,45270,Porto Alegre,SP
CUST_000559,UNIQUE_000559,69163,Recife,SP
CUST_000560,UNIQUE_000560,92637,Belo Horizonte,CE
CUST_000561,UNIQUE_000561,61934,Curitiba,DF
CUST_000562,UNIQUE_000562,74895,Porto Alegre,DF
CUST_000563,UNIQUE_000563,42307,Porto Alegre,CE
CUST_000564,UNIQUE_000564,64098,Salvador,PR
CUST_000565,UNIQUE_000565,70921,Curitiba,PE
CUST_000566,UNIQUE_000566,15486,Rio de Janeiro,RS
CUST_000567,UNIQUE_000567,18335,Brasília,BA
CUST_000568,UNIQUE_000568,96900,Rio de Janeiro,PE
CUST_000569,UNIQUE_000569,99112,Curitiba,DF
CUST_000570,UNIQUE_000570,21130,Rio de Janeiro,RS
CUST_000571,UNIQUE_000571,97508,São Paulo,RJ
CUST_000572,UNIQUE_000572,70566,Recife,MG
CUST_000573,UNIQUE_000573,76703,São Paulo,SP
CUST_000574,UNIQUE_000574,37192,Manaus,CE
CUST_000575,UNIQUE_000575,11062,Rio de Janeiro,CE
CUST_000576,UNIQUE_000576,94076,Manaus,SP
CUST_000577,UNIQUE_000577,99780,Belo Horizonte,MG
CUST_000578,UNIQUE_000578,31545,Fortaleza,BA
CUST_000579,UNIQUE_000579,31689,Belo Horizonte,MG
CUST_000580,UNIQUE_000580,21174,Curitiba,RS
CUST_000581,UNIQUE_000581,98461,Porto Alegre,MG
CUST_000582,UNIQUE_000582,19348,Recife,RS
CUST_000583,UNIQUE_000583,33714,Rio de Janeiro,MG
CUST_000584,UNIQUE_000584,48102,Salvador,BA
CUST_000585,UNIQUE_000585,84460,Fortaleza,BA
CUST_000586,UNIQUE_000586,99930,Brasília,DF
CUST_000587,UNIQUE_000587,16801,Brasília,SP
CUST_000588,UNIQUE_000588,82267,Brasília,BA
CUST_000589,UNIQUE_000589,58136,Rio de Janeiro,RS
CUST_000590,UNIQUE_000590,33625,Brasília,BA
CUST_000591,UNIQUE_000591,92873,São Paulo,DF
CUST_000592,UNIQUE_000592,82592,Fortaleza,CE
CUST_000593,UNIQUE_000593,87052,São Paulo,RS
CUST_000594,UNIQUE_000594,54261,Porto Alegre,DF
CUST_000595,UNIQUE_000595,11542,Fortaleza,PR
CUST_000596,UNIQUE_000596,31677,São Paulo,PR
CUST_000597,UNIQUE_000597,56732,Fortaleza,RJ
CUST_000598,UNIQUE_000598,60343,Porto Alegre,MG
CUST_000599,UNIQUE_000599,49081,Manaus,SP
CUST_000600,UNIQUE_000600,72856,Rio de Janeiro,AM
CUST_000601,UNIQUE_000601,98858,Rio de Janeiro,PE
CUST_000602,UNIQUE_000602,29065,Brasília,DF
CUST_000603,UNIQUE_000603,93460,Belo Horizonte,CE
CUST_000604,UNIQUE_000604,98092,Brasília,PE
CUST_000605,UNIQUE_000605,64693,Curitiba,CE
CUST_000606,UNIQUE_000606,36962,São Paulo,PE
CUST_000607,UNIQUE_000607,38295,Fortaleza,DF
CUST_000608,UNIQUE_000608,23807,Belo Horizonte,AM
CUST_000609,UNIQUE_000609,52348,Porto Alegre,PE
CUST_000610,UNIQUE_000610,36432,Curitiba,DF
CUST_000611,UNIQUE_000611,93285,Porto Alegre,BA
CUST_000612,UNIQUE_000612,67854,Rio de Janeiro,AM
CUST_000613,UNIQUE_000613,50262,Rio de Janeiro,RS
CUST_000614,UNIQUE_000614,47080,Brasília,CE
CUST_000615,UNIQUE_000615,11324,São Paulo,PR
CUST_000616,UNIQUE_000616,45909,Belo Horizonte,MG
CUST_000617,UNIQUE_000617,99339,Recife,PR
CUST_000618,UNIQUE_000618,29870,Curitiba,AM
CUST_000619,UNIQUE_000619,44578,Curitiba,RS
CUST_000620,UNIQUE_000620,82124,Brasília,CE
CUST_000621,UNIQUE_000621,36790,Rio de Janeiro,RS
CUST_000622,UNIQUE_000622,35289,Brasília,PE
CUST_000623,UNIQUE_000623,65129,Fortaleza,CE
CUST_000624,UNIQUE_000624,25485,Belo Horizonte,PE
CUST_000625,UNIQUE_000625,54482,São Paulo,DF
CUST_000626,UNIQUE_000626,96188,Manaus,AM
CUST_000627,UNIQUE_000627,14748,Salvador,DF
CUST_000628,UNIQUE_000628,96769,Salvador,RJ
CUST_000629,UNIQUE_000629,19435,Brasília,RS
CUST_000630,UNIQUE_000630,13709,Fortaleza,PE
CUST_000631,UNIQUE_000631,40355,Belo Horizonte,BA
CUST_000632,UNIQUE_000632,65771,Recife,DF
CUST_000633,UNIQUE_000633,67799,Salvador,RJ
CUST_000634,UNIQUE_000634,23116,Belo Horizonte,SP
CUST_000635,UNIQUE_000635,35470,São Paulo,PR
CUST_000636,UNIQUE_000636,52344,Porto Alegre,CE
CUST_000637,UNIQUE_000637,52918,Fortaleza,RJ
CUST_000638,UNIQUE_000638,62224,Rio de Janeiro,AM
CUST_000639,UNIQUE_000639,49298,Belo Horizonte,DF
CUST_000640,UNIQUE_000640,90219,São Paulo,AM
CUST_000641,UNIQUE_000641,71629,Recife,PR
CUST_000642,UNIQUE_000642,76040,Manaus,BA
CUST_000643,UNIQUE_000643,38016,Rio de Janeiro,RS
CUST_000644,UNIQUE_000644,33960,Manaus,RS
CUST_000645,UNIQUE_000645,43591,Recife,AM
CUST_000646,UNIQUE_000646,92848,São Paulo,PE
CUST_000647,UNIQUE_000647,77641,Salvador,BA
CUST_000648,UNIQUE_000648,46395,Manaus,RS
CUST_000649,UNIQUE_000649,32700,Rio de Janeiro,BA
CUST_000650,UNIQUE_000650,44620,Brasília,RJ
CUST_000651,UNIQUE_000651,30559,Curitiba,BA
CUST_000652,UNIQUE_000652,71642,Belo Horizonte,MG
CUST_000653,UNIQUE_000653,86539,Salvador,PR
CUST_000654,UNIQUE_000654,31732,Manaus,RS
CUST_000655,UNIQUE_000655,40354,Porto Alegre,BA
CUST_000656,UNIQUE_000656,23843,Belo Horizonte,AM
CUST_000657,UNIQUE_000657,81726,Brasília,SP
CUST_000658,UNIQUE_000658,27640,Recife,MG
CUST_000659,UNIQUE_000659,62528,Curitiba,MG
CUST_000660,UNIQUE_000660,48413,São Paulo,PE
CUST_000661,UNIQUE_000661,62638,Brasília,BA
CUST_000662,UNIQUE_000662,62736,Brasília,PE
CUST_000663,UNIQUE_000663,78866,Recife,PE
CUST_000664,UNIQUE_000664,29087,Fortaleza,SP
CUST_000665,UNIQUE_000665,51430,Recife,RJ
CUST_000666,UNIQUE_000666,34504,Fortaleza,BA
CUST_000667,UNIQUE_000667,17114,Fortaleza,DF
CUST_000668,UNIQUE_000668,88859,Salvador,RS
CUST_000669,UNIQUE_000669,20975,Salvador,PE
CUST_000670,UNIQUE_000670,21023,Rio de Janeiro,PR
CUST_000671,UNIQUE_000671,31447,Manaus,CE
CUST_000672,UNIQUE_000672,33959,Manaus,PR
CUST_000673,UNIQUE_000673,76203,São Paulo,SP
CUST_000674,UNIQUE_000674,39703,Manaus,SP
CUST_000675,UNIQUE_000675,19337,Salvador,AM
CUST_000676,UNIQUE_000676,56427,Rio de Janeiro,RJ
CUST_000677,UNIQUE_000677,71529,Rio de Janeiro,RS
CUST_000678,UNIQUE_000678,94665,Fortaleza,PE
CUST_000679,UNIQUE_000679,41921,Recife,PR
CUST_000680,UNIQUE_000680,43307,São Paulo,CE
CUST_000681,UNIQUE_000681,37355,Fortaleza,SP
CUST_000682,UNIQUE_000682,14835,Recife,SP
CUST_000683,UNIQUE_000683,30159,Manaus,RJ
CUST_000684,UNIQUE_000684,57605,Fortaleza,CE
CUST_000685,UNIQUE_000685,48088,Belo Horizonte,CE
CUST_000686,UNIQUE_000686,88752,Manaus,RJ
CUST_000687,UNIQUE_000687,65284,Recife,SP
CUST_000688,UNIQUE_000688,67043,São Paulo,RS
CUST_000689,UNIQUE_000689,45547,Recife,BA
CUST_000690,UNIQUE_000690,92844,Fortaleza,BA
CUST_000691,UNIQUE_000691,37532,Fortaleza,RJ
CUST_000692,UNIQUE_000692,44349,Brasília,CE
CUST_000693,UNIQUE_000693,55445,São Paulo,PE
CUST_000694,UNIQUE_000694,15713,Porto Alegre,RJ
CUST_000695,UNIQUE_000695,66178,Manaus,RS
CUST_000696,UNIQUE_000696,59407,Rio de Janeiro,RJ
CUST_000697,UNIQUE_000697,80340,São Paulo,MG
CUST_000698,UNIQUE_000698,60990,Rio de Janeiro,PR
CUST_000699,UNIQUE_000699,85672,São Paulo,CE
CUST_000700,UNIQUE_000700,75545,São Paulo,AM
CUST_000701,UNIQUE_000701,94791,Recife,AM
CUST_000702,UNIQUE_000702,68141,São Paulo,CE
CUST_000703,UNIQUE_000703,33793,Brasília,RS
CUST_000704,UNIQUE_000704,66570,Porto Alegre,MG
CUST_000705,UNIQUE_000705,47892,Fortaleza,MG
CUST_000706,UNIQUE_000706,11015,Curitiba,SP
CUST_000707,UNIQUE_000707,71813,Rio de Janeiro,PR
CUST_000708,UNIQUE_000708,37712,Fortaleza,BA
CUST_000709,UNIQUE_000709,18415,Curitiba,DF
CUST_000710,UNIQUE_000710,72292,Porto Alegre,RS
CUST_000711,UNIQUE_000711,33833,Porto Alegre,DF
CUST_000712,UNIQUE_000712,14158,Rio de Janeiro,DF
CUST_000713,UNIQUE_000713,72680,Rio de Janeiro,CE
CUST_000714,UNIQUE_000714,30309,Porto Alegre,AM
CUST_000715,UNIQUE_000715,16970,Curitiba,AM
CUST_000716,UNIQUE_000716,82474,São Paulo,BA
CUST_000717,UNIQUE_000717,96704,Manaus,CE
CUST_000718,UNIQUE_000718,56540,Belo Horizonte,DF
CUST_000719,UNIQUE_000719,30384,Fortaleza,PE
CUST_000720,UNIQUE_000720,28017,Recife,AM
CUST_000721,UNIQUE_000721,85880,Fortaleza,RS
CUST_000722,UNIQUE_000722,18702,Recife,RS
CUST_000723,UNIQUE_000723,10384,Curitiba,SP
CUST_000724,UNIQUE_000724,10404,Recife,RJ
CUST_000725,UNIQUE_000725,50943,Rio de Janeiro,PE
CUST_000726,UNIQUE_000726,57926,Manaus,AM
CUST_000727,UNIQUE_000727,39189,Manaus,MG
CUST_000728,UNIQUE_000728,22763,Rio de Janeiro,AM
CUST_000729,UNIQUE_000729,28384,Brasília,SP
CUST_000730,UNIQUE_000730,70100,Curitiba,RS
CUST_000731,UNIQUE_000731,19860,Brasília,DF
CUST_000732,UNIQUE_000732,90642,Brasília,MG
CUST_000733,UNIQUE_000733,60612,Fortaleza,CE
CUST_000734,UNIQUE_000734,33574,Porto Alegre,PR
CUST_000735,UNIQUE_000735,33524,Fortaleza,DF
CUST_000736,UNIQUE_000736,79172,Porto Alegre,PR
CUST_000737,UNIQUE_000737,20916,Belo Horizonte,PE
CUST_000738,UNIQUE_000738,14809,Recife,RJ
CUST_000739,UNIQUE_000739,42201,Porto Alegre,MG
CUST_000740,UNIQUE_000740,63330,Rio de Janeiro,BA
CUST_000741,UNIQUE_000741,23456,Fortaleza,MG
CUST_000742,UNIQUE_000742,66397,Curitiba,AM
CUST_000743,UNIQUE_000743,48765,Recife,RS
CUST_000744,UNIQUE_000744,44816,Belo Horizonte,AM
CUST_000745,UNIQUE_000745,55106,Porto Alegre,AM
CUST_000746,UNIQUE_000746,63932,Belo Horizonte,PE
CUST_000747,UNIQUE_000747,27100,Curitiba,DF
CUST_000748,UNIQUE_000748,67091,Brasília,BA
CUST_000749,UNIQUE_000749,31949,Manaus,BA
CUST_000750,UNIQUE_000750,80080,Curitiba,AM
CUST_000751,UNIQUE_000751,47744,Salvador,PR
CUST_000752,UNIQUE_000752,55543,Curitiba,PE
CUST_000753,UNIQUE_000753,46187,Belo Horizonte,AM
CUST_000754,UNIQUE_000754,17239,Rio de Janeiro,RJ
CUST_000755,UNIQUE_000755,24489,Fortaleza,RS
CUST_000756,UNIQUE_000756,68017,Rio de Janeiro,DF
CUST_000757,UNIQUE_000757,71877,Belo Horizonte,CE
CUST_000758,UNIQUE_000758,53125,Fortaleza,RJ
CUST_000759,UNIQUE_000759,59922,Salvador,PR
CUST_000760,UNIQUE_000760,42049,Manaus,MG
CUST_000761,UNIQUE_000761,47131,Recife,MG
CUST_000762,UNIQUE_000762,52944,Belo Horizonte,RJ
CUST_000763,UNIQUE_000763,83963,Porto Alegre,AM
CUST_000764,UNIQUE_000764,34285,Belo Horizonte,CE
CUST_000765,UNIQUE_000765,47626,Belo Horizonte,SP
CUST_000766,UNIQUE_000766,52808,Fortaleza,SP
CUST_000767,UNIQUE_000767,98464,São Paulo,PR
CUST_000768,UNIQUE_000768,63871,Curitiba,AM
CUST_000769,UNIQUE_000769,29198,São Paulo,BA
CUST_000770,UNIQUE_000770,29758,Salvador,BA
CUST_000771,UNIQUE_000771,25254,Porto Alegre,DF
CUST_000772,UNIQUE_000772,54238,Manaus,CE
CUST_000773,UNIQUE_000773,11252,Brasília,CE
CUST_000774,UNIQUE_000774,49764,Salvador,MG
CUST_000775,UNIQUE_000775,87709,Brasília,PE
CUST_000776,UNIQUE_000776,47441,Brasília,PR
CUST_000777,UNIQUE_000777,63682,Manaus,SP
CUST_000778,UNIQUE_000778,69494,Rio de Janeiro,PR
CUST_000779,UNIQUE_000779,91317,São Paulo,BA
CUST_000780,UNIQUE_000780,75215,Belo Horizonte,BA
CUST_000781,UNIQUE_000781,88587,Recife,RJ
CUST_000782,UNIQUE_000782,16949,Brasília,DF
CUST_000783,UNIQUE_000783,65393,Porto Alegre,CE
CUST_000784,UNIQUE_000784,83553,Salvador,RS
CUST_000785,UNIQUE_000785,16941,Rio de Janeiro,PR
CUST_000786,UNIQUE_000786,35934,Brasília,BA
CUST_000787,UNIQUE_000787,33386,Rio de Janeiro,PE
CUST_000788,UNIQUE_000788,71886,Rio de Janeiro,MG
CUST_000789,UNIQUE_000789,85745,Brasília,SP
CUST_000790,UNIQUE_000790,93251,Fortaleza,DF
CUST_000791,UNIQUE_000791,63413,Curitiba,PE
CUST_000792,UNIQUE_000792,66800,Porto Alegre,DF
CUST_000793,UNIQUE_000793,52318,Belo Horizonte,RJ
CUST_000794,UNIQUE_000794,80173,Belo Horizonte,RS
CUST_000795,UNIQUE_000795,80390,Porto Alegre,BA
CUST_000796,UNIQUE_000796,62329,Fortaleza,MG
CUST_000797,UNIQUE_000797,53088,Belo Horizonte,PE
CUST_000798,UNIQUE_000798,49811,Rio de Janeiro,DF
CUST_000799,UNIQUE_000799,65479,Manaus,CE
CUST_000800,UNIQUE_000800,95392,Salvador,RJ
CUST_000801,UNIQUE_000801,97369,São Paulo,CE
CUST_000802,UNIQUE_000802,29963,Belo Horizonte,MG
CUST_000803,UNIQUE_000803,65123,Porto Alegre,PE
CUST_000804,UNIQUE_000804,83477,Manaus,RJ
CUST_000805,UNIQUE_000805,24388,Brasília,PE
CUST_000806,UNIQUE_000806,15569,Curitiba,BA
CUST_000807,UNIQUE_000807,79836,Porto Alegre,AM
CUST_000808,UNIQUE_000808,46586,Rio de Janeiro,RJ
CUST_000809,UNIQUE_000809,22015,Curitiba,CE
CUST_000810,UNIQUE_000810,55002,Salvador,MG
CUST_000811,UNIQUE_000811,16254,Salvador,RS
CUST_000812,UNIQUE_000812,27144,Fortaleza,BA
CUST_000813,UNIQUE_000813,34214,Recife,AM
CUST_000814,UNIQUE_000814,90719,Fortaleza,RS
CUST_000815,UNIQUE_000815,81774,Manaus,SP
CUST_000816,UNIQUE_000816,16090,Curitiba,BA
CUST_000817,UNIQUE_000817,21637,Recife,MG
CUST_000818,UNIQUE_000818,32415,Brasília,DF
CUST_000819,UNIQUE_000819,34071,Rio de Janeiro,RJ
CUST_000820,UNIQUE_000820,68243,Curitiba,PE
CUST_000821,UNIQUE_000821,51240,Fortaleza,MG
CUST_000822,UNIQUE_000822,93807,São Paulo,RJ
CUST_000823,UNIQUE_000823,43434,Recife,RS
CUST_000824,UNIQUE_000824,79724,Recife,PE
CUST_000825,UNIQUE_000825,85697,Rio de Janeiro,PR
CUST_000826,UNIQUE_000826,38732,Belo Horizonte,CE
CUST_000827,UNIQUE_000827,21314,Salvador,SP
CUST_000828,UNIQUE_000828,33954,Salvador,BA
CUST_000829,UNIQUE_000829,67108,São Paulo,MG
CUST_000830,UNIQUE_000830,97044,Manaus,SP
CUST_000831,UNIQUE_000831,97505,Manaus,DF
CUST_000832,UNIQUE_000832,46668,Brasília,RJ
CUST_000833,UNIQUE_000833,33061,Curitiba,RJ
CUST_000834,UNIQUE_000834,89252,Porto Alegre,MG
CUST_000835,UNIQUE_000835,49749,Belo Horizonte,AM
CUST_000836,UNIQUE_000836,26907,Fortaleza,AM
CUST_000837,UNIQUE_000837,28777,Porto Alegre,PR
CUST_000838,UNIQUE_000838,61745,Porto Alegre,CE
CUST_000839,UNIQUE_000839,91818,Recife,PE
CUST_000840,UNIQUE_000840,33624,São Paulo,DF
CUST_000841,UNIQUE_000841,33321,Salvador,SP
CUST_000842,UNIQUE_000842,20488,Brasília,AM
CUST_000843,UNIQUE_000843,32574,Manaus,PR
CUST_000844,UNIQUE_000844,15240,São Paulo,PR
CUST_000845,UNIQUE_000845,53221,Recife,MG
CUST_000846,UNIQUE_000846,20478,Fortaleza,DF
CUST_000847,UNIQUE_000847,65645,Brasília,RS
CUST_000848,UNIQUE_000848,29262,Recife,PE
CUST_000849,UNIQUE_000849,62796,Salvador,CE
CUST_000850,UNIQUE_000850,14432,Salvador,BA
CUST_000851,UNIQUE_000851,74291,Salvador,MG
CUST_000852,UNIQUE_000852,89104,São Paulo,PE
CUST_000853,UNIQUE_000853,69399,São Paulo,BA
CUST_000854,UNIQUE_000854,89714,Manaus,BA
CUST_000855,UNIQUE_000855,60428,Manaus,DF
CUST_000856,UNIQUE_000856,97731,Fortaleza,DF
CUST_000857,UNIQUE_000857,10302,Brasília,SP
CUST_000858,UNIQUE_000858,92558,Rio de Janeiro,PR
CUST_000859,UNIQUE_000859,10055,Rio de Janeiro,PE
CUST_000860,UNIQUE_000860,18717,Recife,MG
CUST_000861,UNIQUE_000861,38699,Salvador,RJ
CUST_000862,UNIQUE_000862,83686,Brasília,MG
CUST_000863,UNIQUE_000863,77661,Porto Alegre,SP
CUST_000864,UNIQUE_000864,54247,São Paulo,CE
CUST_000865,UNIQUE_000865,26748,Curitiba,PR
CUST_000866,UNIQUE_000866,14621,Belo Horizonte,RJ
CUST_000867,UNIQUE_000867,25034,Fortaleza,AM
CUST_000868,UNIQUE_000868,15126,Salvador,CE
CUST_000869,UNIQUE_000869,15122,Salvador,DF
CUST_000870,UNIQUE_000870,28030,Salvador,BA
CUST_000871,UNIQUE_000871,92838,São Paulo,AM
CUST_000872,UNIQUE_000872,94717,São Paulo,MG
CUST_000873,UNIQUE_000873,65658,Belo Horizonte,MG
CUST_000874,UNIQUE_000874,48638,Porto Alegre,DF
CUST_000875,UNIQUE_000875,77067,Brasília,SP
CUST_000876,UNIQUE_000876,98869,Salvador,PE
CUST_000877,UNIQUE_000877,44674,Rio de Janeiro,AM
CUST_000878,UNIQUE_000878,45854,Manaus,AM
CUST_000879,UNIQUE_000879,56271,Rio de Janeiro,RS
CUST_000880,UNIQUE_000880,83688,Recife,CE
CUST_000881,UNIQUE_000881,48518,Rio de Janeiro,PR
CUST_000882,UNIQUE_000882,20267,Recife,CE
CUST_000883,UNIQUE_000883,11062,Curitiba,PE
CUST_000884,UNIQUE_000884,60448,Manaus,MG
CUST_000885,UNIQUE_000885,16229,Rio de Janeiro,MG
CUST_000886,UNIQUE_000886,66793,Curitiba,MG
CUST_000887,UNIQUE_000887,57915,Fortaleza,RS
CUST_000888,UNIQUE_000888,14632,Brasília,MG
CUST_000889,UNIQUE_000889,13596,Curitiba,PE
CUST_000890,UNIQUE_000890,16168,Brasília,DF
CUST_000891,UNIQUE_000891,17561,Rio de Janeiro,PR
CUST_000892,UNIQUE_000892,83794,Porto Alegre,PE
CUST_000893,UNIQUE_000893,92152,Curitiba,PR
CUST_000894,UNIQUE_000894,36734,Manaus,PE
CUST_000895,UNIQUE_000895,16371,Rio de Janeiro,MG
CUST_000896,UNIQUE_000896,36069,Salvador,DF
CUST_000897,UNIQUE_000897,89905,São Paulo,AM
CUST_000898,UNIQUE_000898,22910,Curitiba,CE
CUST_000899,UNIQUE_000899,83479,Manaus,BA
CUST_000900,UNIQUE_000900,87735,Fortaleza,DF
CUST_000901,UNIQUE_000901,91264,Salvador,AM
CUST_000902,UNIQUE_000902,33275,Fortaleza,SP
CUST_000903,UNIQUE_000903,82274,Rio de Janeiro,PE
CUST_000904,UNIQUE_000904,91449,São Paulo,SP
CUST_000905,UNIQUE_000905,70004,Curitiba,AM
CUST_000906,UNIQUE_000906,72981,Curitiba,DF
CUST_000907,UNIQUE_000907,94659,Porto Alegre,PE
CUST_000908,UNIQUE_000908,64553,Porto Alegre,BA
CUST_000909,UNIQUE_000909,58447,Rio de Janeiro,MG
CUST_000910,UNIQUE_000910,44529,Rio de Janeiro,PE
CUST_000911,UNIQUE_000911,85703,São Paulo,PE
CUST_000912,UNIQUE_000912,86090,Porto Alegre,DF
CUST_000913,UNIQUE_000913,27260,Manaus,DF
CUST_000914,UNIQUE_000914,13812,Manaus,AM
CUST_000915,UNIQUE_000915,38024,São Paulo,RJ
CUST_000916,UNIQUE_000916,68656,Manaus,PE
CUST_000917,UNIQUE_000917,37285,Recife,CE
CUST_000918,UNIQUE_000918,11605,Brasília,PE
CUST_000919,UNIQUE_000919,81158,São Paulo,AM
CUST_000920,UNIQUE_000920,82303,São Paulo,PR
CUST_000921,UNIQUE_000921,37139,Belo Horizonte,SP
CUST_000922,UNIQUE_000922,87149,Salvador,MG
CUST_000923,UNIQUE_000923,66138,Salvador,RJ
CUST_000924,UNIQUE_000924,86125,Recife,BA
CUST_000925,UNIQUE_000925,23918,Porto Alegre,BA
CUST_000926,UNIQUE_000926,95655,Rio de Janeiro,BA
CUST_000927,UNIQUE_000927,37446,Rio de Janeiro,DF
CUST_000928,UNIQUE_000928,23046,Fortaleza,BA
CUST_000929,UNIQUE_000929,34818,Recife,MG
CUST_000930,UNIQUE_000930,14324,São Paulo,SP
CUST_000931,UNIQUE_000931,86323,Recife,BA
CUST_000932,UNIQUE_000932,19111,Recife,PE
CUST_000933,UNIQUE_000933,48110,Recife,PE
CUST_000934,UNIQUE_000934,26389,Salvador,DF
CUST_000935,UNIQUE_000935,51427,Recife,MG
CUST_000936,UNIQUE_000936,89579,Brasília,SP
CUST_000937,UNIQUE_000937,38746,Rio de Janeiro,RJ
CUST_000938,UNIQUE_000938,97886,Fortaleza,AM
CUST_000939,UNIQUE_000939,10117,Brasília,SP
CUST_000940,UNIQUE_000940,94471,Fortaleza,AM
CUST_000941,UNIQUE_000941,23234,Belo Horizonte,PR
CUST_000942,UNIQUE_000942,63441,Fortaleza,AM
CUST_000943,UNIQUE_000943,10846,Rio de Janeiro,CE
CUST_000944,UNIQUE_000944,20954,Rio de Janeiro,PE
CUST_000945,UNIQUE_000945,89239,Recife,MG
CUST_000946,UNIQUE_000946,56514,Curitiba,RS
CUST_000947,UNIQUE_000947,98236,Belo Horizonte,DF
CUST_000948,UNIQUE_000948,16469,São Paulo,CE
CUST_000949,UNIQUE_000949,40105,Manaus,AM
CUST_000950,UNIQUE_000950,52101,Fortaleza,BA
CUST_000951,UNIQUE_000951,74323,Curitiba,MG
CUST_000952,UNIQUE_000952,68067,Recife,CE
CUST_000953,UNIQUE_000953,59376,Salvador,DF
CUST_000954,UNIQUE_000954,55587,São Paulo,PE
CUST_000955,UNIQUE_000955,46976,Porto Alegre,MG
CUST_000956,UNIQUE_000956,77584,Curitiba,DF
CUST_000957,UNIQUE_000957,88477,Salvador,PR
CUST_000958,UNIQUE_000958,52533,Belo Horizonte,PR
CUST_000959,UNIQUE_000959,11828,Recife,DF
CUST_000960,UNIQUE_000960,11917,São Paulo,CE
CUST_000961,UNIQUE_000961,30618,São Paulo,MG
CUST_000962,UNIQUE_000962,42254,São Paulo,CE
CUST_000963,UNIQUE_000963,57362,Belo Horizonte,RJ
CUST_000964,UNIQUE_000964,30128,Fortaleza,AM
CUST_000965,UNIQUE_000965,69383,Porto Alegre,RJ
CUST_000966,UNIQUE_000966,75545,Belo Horizonte,PR
CUST_000967,UNIQUE_000967,92180,Manaus,PE
CUST_000968,UNIQUE_000968,97958,Porto Alegre,SP
CUST_000969,UNIQUE_000969,19865,Rio de Janeiro,AM
CUST_000970,UNIQUE_000970,12219,Recife,PR
CUST_000971,UNIQUE_000971,49809,Belo Horizonte,CE
CUST_000972,UNIQUE_000972,15287,Salvador,CE
CUST_000973,UNIQUE_000973,44387,Porto Alegre,CE
CUST_000974,UNIQUE_000974,18512,Manaus,PE
CUST_000975,UNIQUE_000975,11342,Rio de Janeiro,RJ
CUST_000976,UNIQUE_000976,73076,Fortaleza,SP
CUST_000977,UNIQUE_000977,29216,Salvador,CE
CUST_000978,UNIQUE_000978,89767,Porto Alegre,RS
CUST_000979,UNIQUE_000979,36614,Recife,AM
CUST_000980,UNIQUE_000980,46258,Salvador,MG
CUST_000981,UNIQUE_000981,52078,Rio de Janeiro,RS
CUST_000982,UNIQUE_000982,93524,Salvador,SP
CUST_000983,UNIQUE_000983,22219,Brasília,PE
CUST_000984,UNIQUE_000984,10235,Curitiba,SP
CUST_000985,UNIQUE_000985,52929,Fortaleza,MG
CUST_000986,UNIQUE_000986,77444,Rio de Janeiro,AM
CUST_000987,UNIQUE_000987,18567,Salvador,MG
CUST_000988,UNIQUE_000988,80792,Curitiba,DF
CUST_000989,UNIQUE_000989,75441,Curitiba,AM
CUST_000990,UNIQUE_000990,94555,Salvador,SP
CUST_000991,UNIQUE_000991,83698,Recife,CE
CUST_000992,UNIQUE_000992,15415,Brasília,SP
CUST_000993,UNIQUE_000993,46159,Belo Horizonte,SP
CUST_000994,UNIQUE_000994,53925,Brasília,AM
CUST_000995,UNIQUE_000995,15951,Salvador,DF
CUST_000996,UNIQUE_000996,97388,Fortaleza,SP
CUST_000997,UNIQUE_000997,18007,Belo Horizonte,RS
CUST_000998,UNIQUE_000998,51832,Rio de Janeiro,PR
CUST_000999,UNIQUE_000999,68596,Brasília,BA
CUST_001000,UNIQUE_001000,40523,Salvador,BA
