customer_id,recency,monetary,frequency,R_score,F_score,M_score,RFM_score,segment,Country,segment_priority,RFM_weighted_score
CUST_00001,9,1064.22,6,5,5,4,14,High-Value,United Kingdom,1,4.8
CUST_00002,117,393.28999999999996,3,3,2,1,6,Lost,Belgium,5,2.3000000000000003
CUST_00003,125,2191.88,7,3,5,5,13,High-Value,France,1,4.0
CUST_00004,72,1091.3300000000002,3,4,2,4,10,At-Risk,United Kingdom,3,3.4000000000000004
CUST_00005,27,1194.69,3,5,2,4,11,Loyal,United Kingdom,2,3.9000000000000004
CUST_00006,66,1350.49,4,4,3,4,11,Loyal,United Kingdom,2,3.7
CUST_00007,321,1175.7,3,1,2,4,7,New,United Kingdom,4,1.9000000000000001
CUST_00008,138,1174.99,3,3,2,4,9,At-Risk,Spain,3,2.9000000000000004
CUST_00009,38,1952.88,7,5,5,5,15,High-Value,Germany,1,5.0
CUST_00010,117,716.0,2,3,1,3,7,New,France,4,2.4000000000000004
CUST_00011,68,641.05,2,4,1,2,7,New,United Kingdom,4,2.6999999999999997
CUST_00012,209,1362.5,4,2,3,4,9,At-Risk,Belgium,3,2.7
CUST_00013,136,1171.43,6,3,5,4,12,Loyal,Spain,2,3.8
CUST_00014,193,122.93,2,2,1,1,4,Lost,United Kingdom,5,1.5
CUST_00015,95,549.34,3,4,2,2,8,New,United Kingdom,4,3.0
CUST_00016,41,1405.69,8,5,5,5,15,High-Value,United Kingdom,1,5.0
CUST_00017,97,966.74,6,4,5,3,12,Loyal,United Kingdom,2,4.1
CUST_00018,434,22.42,1,1,1,1,3,Lost,United Kingdom,5,1.0
CUST_00019,249,1677.33,5,2,4,5,11,Loyal,United Kingdom,2,3.2
CUST_00020,130,1493.7199999999998,4,3,3,5,11,Loyal,United Kingdom,2,3.4
CUST_00021,2,751.83,5,5,4,3,12,Loyal,Germany,2,4.300000000000001
CUST_00022,505,879.6800000000001,2,1,1,3,5,Lost,United Kingdom,5,1.4000000000000001
CUST_00023,39,1915.5400000000002,6,5,5,5,15,High-Value,United Kingdom,1,5.0
CUST_00024,16,2518.09,5,5,4,5,14,High-Value,United Kingdom,1,4.7
CUST_00025,32,539.77,3,5,2,2,9,At-Risk,United Kingdom,3,3.5
CUST_00026,156,771.3800000000001,4,3,3,3,9,At-Risk,France,3,3.0
CUST_00027,198,1416.9599999999998,3,2,2,5,9,At-Risk,United Kingdom,3,2.6
CUST_00028,101,884.0799999999999,3,4,2,3,9,At-Risk,United Kingdom,3,3.2
CUST_00029,224,941.6,3,2,2,3,7,New,United Kingdom,4,2.2
CUST_00030,34,1583.9,6,5,5,5,15,High-Value,United Kingdom,1,5.0
CUST_00031,334,410.74,2,1,1,2,4,Lost,Germany,5,1.2000000000000002
CUST_00032,423,1439.94,5,1,4,5,10,At-Risk,United Kingdom,3,2.7
CUST_00033,34,1281.03,6,5,5,4,14,High-Value,United Kingdom,1,4.8
CUST_00034,0,1363.16,5,5,4,4,13,High-Value,Netherlands,1,4.5
CUST_00035,11,1167.1000000000001,4,5,3,4,12,Loyal,Belgium,2,4.2
CUST_00036,1,1992.76,5,5,4,5,14,High-Value,Spain,1,4.7
CUST_00037,25,1335.94,5,5,4,4,13,High-Value,United Kingdom,1,4.5
CUST_00038,319,696.8499999999999,2,1,1,2,4,Lost,United Kingdom,5,1.2000000000000002
CUST_00039,35,413.0,2,5,1,2,8,New,Germany,4,3.1999999999999997
CUST_00040,229,200.88,2,2,1,1,4,Lost,United Kingdom,5,1.5
CUST_00041,179,1400.05,6,3,5,5,13,High-Value,United Kingdom,1,4.0
CUST_00042,6,1523.17,5,5,4,5,14,High-Value,United Kingdom,1,4.7
CUST_00043,55,1029.79,4,4,3,3,10,At-Risk,United Kingdom,3,3.5
CUST_00044,104,2264.05,7,3,5,5,13,High-Value,Netherlands,1,4.0
CUST_00045,241,421.05,2,2,1,2,5,Lost,United Kingdom,5,1.7000000000000002
CUST_00046,7,968.96,3,5,2,3,10,At-Risk,Germany,3,3.7
CUST_00047,137,800.72,4,3,3,3,9,At-Risk,United Kingdom,3,3.0
CUST_00048,123,1529.27,4,3,3,5,11,Loyal,United Kingdom,2,3.4
CUST_00049,43,1320.74,6,4,5,4,13,High-Value,United Kingdom,1,4.3
CUST_00050,19,724.77,5,5,4,3,12,Loyal,United Kingdom,2,4.300000000000001
CUST_00051,59,1020.6800000000001,5,4,4,3,11,Loyal,Belgium,2,3.8000000000000003
CUST_00052,312,778.52,4,2,3,3,8,New,France,4,2.5
CUST_00053,181,1336.05,2,2,1,4,7,New,Netherlands,4,2.1
CUST_00054,249,183.48000000000002,2,2,1,1,4,Lost,Spain,5,1.5
CUST_00055,141,984.84,2,3,1,3,7,New,United Kingdom,4,2.4000000000000004
CUST_00056,353,1099.21,2,1,1,4,6,Lost,Netherlands,5,1.6
CUST_00057,97,858.1,2,4,1,3,8,New,United Kingdom,4,2.9
CUST_00058,153,37.620000000000005,2,3,1,1,5,Lost,United Kingdom,5,2.0
CUST_00059,209,1954.98,7,2,5,5,12,Loyal,United Kingdom,2,3.5
CUST_00060,101,2355.15,9,4,5,5,14,High-Value,United Kingdom,1,4.5
CUST_00061,628,349.0,1,1,1,1,3,Lost,United Kingdom,5,1.0
CUST_00062,549,275.6,1,1,1,1,3,Lost,United Kingdom,5,1.0
CUST_00063,333,1234.58,5,1,4,4,9,At-Risk,Spain,3,2.5
CUST_00064,437,1541.87,4,1,3,5,9,At-Risk,United Kingdom,3,2.4
CUST_00065,92,1349.11,6,4,5,4,13,High-Value,United Kingdom,1,4.3
CUST_00066,452,802.3399999999999,4,1,3,3,7,New,United Kingdom,4,2.0
CUST_00067,112,173.26,2,3,1,1,5,Lost,United Kingdom,5,2.0
CUST_00068,550,260.92,2,1,1,1,3,Lost,Spain,5,1.0
CUST_00069,276,929.19,2,2,1,3,6,Lost,United Kingdom,5,1.9000000000000001
CUST_00070,6,1248.23,4,5,3,4,12,Loyal,Switzerland,2,4.2
CUST_00071,244,483.22,4,2,3,2,7,New,France,4,2.3
CUST_00072,103,1559.8000000000002,6,3,5,5,13,High-Value,United Kingdom,1,4.0
CUST_00073,90,1277.43,4,4,3,4,11,Loyal,United Kingdom,2,3.7
CUST_00074,12,1513.06,6,5,5,5,15,High-Value,Spain,1,5.0
CUST_00075,183,645.23,4,2,3,2,7,New,France,4,2.3
CUST_00076,52,173.88,2,4,1,1,6,Lost,France,5,2.5
CUST_00077,11,1359.54,6,5,5,4,14,High-Value,France,1,4.8
CUST_00078,100,1099.86,5,4,4,4,12,Loyal,United Kingdom,2,4.0
CUST_00079,148,432.84000000000003,3,3,2,2,7,New,United Kingdom,4,2.5
CUST_00080,101,894.12,3,4,2,3,9,At-Risk,United Kingdom,3,3.2
CUST_00081,11,686.11,4,5,3,2,10,At-Risk,Spain,3,3.8
CUST_00082,217,1044.0900000000001,3,2,2,3,7,New,Germany,4,2.2
CUST_00083,158,804.19,4,3,3,3,9,At-Risk,United Kingdom,3,3.0
CUST_00084,293,180.95999999999998,2,2,1,1,4,Lost,United Kingdom,5,1.5
CUST_00085,18,2113.19,6,5,5,5,15,High-Value,United Kingdom,1,5.0
CUST_00086,348,427.99,3,1,2,2,5,Lost,United Kingdom,5,1.5
CUST_00087,314,1967.2800000000002,7,2,5,5,12,Loyal,France,2,3.5
CUST_00088,342,1192.3899999999999,3,1,2,4,7,New,Germany,4,1.9000000000000001
CUST_00089,101,615.58,3,4,2,2,8,New,Spain,4,3.0
CUST_00090,422,410.44,2,1,1,2,4,Lost,United Kingdom,5,1.2000000000000002
CUST_00091,543,37.07,2,1,1,1,3,Lost,United Kingdom,5,1.0
CUST_00092,269,225.36,1,2,1,1,4,Lost,France,5,1.5
CUST_00093,192,1017.96,3,2,2,3,7,New,France,4,2.2
CUST_00094,112,940.19,6,3,5,3,11,Loyal,United Kingdom,2,3.6
CUST_00095,19,1196.07,5,5,4,4,13,High-Value,France,1,4.5
CUST_00096,78,290.61,3,4,2,1,7,New,United Kingdom,4,2.8000000000000003
CUST_00097,169,794.17,4,3,3,3,9,At-Risk,United Kingdom,3,3.0
CUST_00098,334,737.84,4,1,3,3,7,New,United Kingdom,4,2.0
CUST_00099,384,430.14000000000004,2,1,1,2,4,Lost,United Kingdom,5,1.2000000000000002
CUST_00100,212,1720.21,4,2,3,5,10,At-Risk,United Kingdom,3,2.9
CUST_00101,456,139.65,2,1,1,1,3,Lost,United Kingdom,5,1.0
CUST_00102,114,375.24,3,3,2,1,6,Lost,Germany,5,2.3000000000000003
CUST_00103,92,1189.88,5,4,4,4,12,Loyal,United Kingdom,2,4.0
CUST_00104,48,1810.18,7,4,5,5,14,High-Value,United Kingdom,1,4.5
CUST_00105,135,370.55000000000007,2,3,1,1,5,Lost,Netherlands,5,2.0
CUST_00106,219,299.66,2,2,1,1,4,Lost,United Kingdom,5,1.5
CUST_00107,58,786.1700000000001,4,4,3,3,10,At-Risk,United Kingdom,3,3.5
CUST_00108,203,500.85,3,2,2,2,6,Lost,France,5,2.0
CUST_00109,113,2283.66,8,3,5,5,13,High-Value,United Kingdom,1,4.0
CUST_00110,259,445.86,2,2,1,2,5,Lost,United Kingdom,5,1.7000000000000002
CUST_00111,183,1309.51,3,2,2,4,8,New,United Kingdom,4,2.4000000000000004
CUST_00112,44,1019.9200000000001,2,4,1,3,8,New,United Kingdom,4,2.9
CUST_00113,365,911.1600000000001,2,1,1,3,5,Lost,Netherlands,5,1.4000000000000001
CUST_00114,35,930.72,5,5,4,3,12,Loyal,Spain,2,4.300000000000001
CUST_00115,30,607.1700000000001,3,5,2,2,9,At-Risk,Germany,3,3.5
CUST_00116,47,1232.1,4,4,3,4,11,Loyal,Spain,2,3.7
CUST_00117,421,1105.81,4,1,3,4,8,New,Spain,4,2.2
CUST_00118,271,278.66,3,2,2,1,5,Lost,United Kingdom,5,1.8
CUST_00119,43,1382.78,6,4,5,5,14,High-Value,Spain,1,4.5
CUST_00120,114,192.21,1,3,1,1,5,Lost,United Kingdom,5,2.0
CUST_00121,72,1165.98,6,4,5,4,13,High-Value,Spain,1,4.3
CUST_00122,69,1054.8899999999999,5,4,4,4,12,Loyal,Spain,2,4.0
CUST_00123,191,304.92,2,2,1,1,4,Lost,United Kingdom,5,1.5
CUST_00124,444,575.86,3,1,2,2,5,Lost,United Kingdom,5,1.5
CUST_00125,495,670.0,3,1,2,2,5,Lost,United Kingdom,5,1.5
CUST_00126,145,932.84,3,3,2,3,8,New,United Kingdom,4,2.7
CUST_00127,163,152.0,2,3,1,1,5,Lost,Spain,5,2.0
CUST_00128,105,1309.29,8,3,5,4,12,Loyal,Spain,2,3.8
CUST_00129,24,1346.0099999999998,3,5,2,4,11,Loyal,United Kingdom,2,3.9000000000000004
CUST_00130,282,488.06,2,2,1,2,5,Lost,United Kingdom,5,1.7000000000000002
CUST_00131,554,259.79,2,1,1,1,3,Lost,United Kingdom,5,1.0
CUST_00132,20,1127.28,6,5,5,4,14,High-Value,United Kingdom,1,4.8
CUST_00133,170,921.51,6,3,5,3,11,Loyal,United Kingdom,2,3.6
CUST_00134,149,682.79,4,3,3,2,8,New,United Kingdom,4,2.8
CUST_00135,42,1916.51,7,4,5,5,14,High-Value,Netherlands,1,4.5
CUST_00136,128,788.27,3,3,2,3,8,New,United Kingdom,4,2.7
CUST_00137,25,1284.93,4,5,3,4,12,Loyal,United Kingdom,2,4.2
CUST_00138,368,690.56,4,1,3,2,6,Lost,France,5,1.7999999999999998
CUST_00139,6,504.12,2,5,1,2,8,New,United Kingdom,4,3.1999999999999997
CUST_00140,180,1294.19,5,3,4,4,11,Loyal,Belgium,2,3.5
CUST_00141,282,131.98000000000002,3,2,2,1,5,Lost,Belgium,5,1.8
CUST_00142,202,650.71,3,2,2,2,6,Lost,United Kingdom,5,2.0
CUST_00143,597,116.96,1,1,1,1,3,Lost,United Kingdom,5,1.0
CUST_00144,245,421.88,4,2,3,2,7,New,United Kingdom,4,2.3
CUST_00145,146,1987.23,5,3,4,5,12,Loyal,United Kingdom,2,3.7
CUST_00146,326,894.3,3,1,2,3,6,Lost,United Kingdom,5,1.7000000000000002
CUST_00147,231,597.83,4,2,3,2,7,New,Germany,4,2.3
CUST_00148,113,1614.98,5,3,4,5,12,Loyal,United Kingdom,2,3.7
CUST_00149,438,710.33,3,1,2,2,5,Lost,United Kingdom,5,1.5
CUST_00150,134,216.57,2,3,1,1,5,Lost,United Kingdom,5,2.0
CUST_00151,74,175.71,3,4,2,1,7,New,Netherlands,4,2.8000000000000003
CUST_00152,47,2912.9,7,4,5,5,14,High-Value,United Kingdom,1,4.5
CUST_00153,114,2843.05,9,3,5,5,13,High-Value,United Kingdom,1,4.0
CUST_00154,58,1738.8400000000001,6,4,5,5,14,High-Value,United Kingdom,1,4.5
CUST_00155,360,415.64,2,1,1,2,4,Lost,Switzerland,5,1.2000000000000002
CUST_00156,97,2037.6799999999998,5,4,4,5,13,High-Value,United Kingdom,1,4.2
CUST_00157,259,1240.03,4,2,3,4,9,At-Risk,Germany,3,2.7
CUST_00158,410,443.09000000000003,3,1,2,2,5,Lost,France,5,1.5
CUST_00159,206,1211.16,3,2,2,4,8,New,United Kingdom,4,2.4000000000000004
CUST_00160,178,1250.04,5,3,4,4,11,Loyal,France,2,3.5
CUST_00161,43,10.21,2,4,1,1,6,Lost,United Kingdom,5,2.5
CUST_00162,546,863.47,3,1,2,3,6,Lost,Germany,5,1.7000000000000002
CUST_00163,31,776.37,4,5,3,3,11,Loyal,Germany,2,4.0
CUST_00164,100,126.06,1,4,1,1,6,Lost,United Kingdom,5,2.5
CUST_00165,336,395.89,2,1,1,1,3,Lost,United Kingdom,5,1.0
CUST_00166,100,519.04,2,4,1,2,7,New,Spain,4,2.6999999999999997
CUST_00167,91,574.9200000000001,3,4,2,2,8,New,United Kingdom,4,3.0
CUST_00168,128,1982.2200000000003,7,3,5,5,13,High-Value,United Kingdom,1,4.0
CUST_00169,70,1101.24,4,4,3,4,11,Loyal,United Kingdom,2,3.7
CUST_00170,18,1169.83,5,5,4,4,13,High-Value,United Kingdom,1,4.5
CUST_00171,305,1497.2,4,2,3,5,10,At-Risk,Germany,3,2.9
CUST_00172,24,1531.0900000000001,3,5,2,5,12,Loyal,United Kingdom,2,4.1
CUST_00173,87,1293.65,5,4,4,4,12,Loyal,United Kingdom,2,4.0
CUST_00174,281,410.13,1,2,1,1,4,Lost,United Kingdom,5,1.5
CUST_00175,168,1015.89,3,3,2,3,8,New,Germany,4,2.7
CUST_00176,104,276.24,3,3,2,1,6,Lost,United Kingdom,5,2.3000000000000003
CUST_00177,280,552.74,2,2,1,2,5,Lost,Germany,5,1.7000000000000002
CUST_00178,27,620.19,3,5,2,2,9,At-Risk,United Kingdom,3,3.5
CUST_00179,379,752.3299999999999,4,1,3,3,7,New,Netherlands,4,2.0
CUST_00180,83,325.81,2,4,1,1,6,Lost,United Kingdom,5,2.5
CUST_00181,116,297.77,2,3,1,1,5,Lost,United Kingdom,5,2.0
CUST_00182,144,624.9300000000001,2,3,1,2,6,Lost,United Kingdom,5,2.2
CUST_00183,377,1521.02,2,1,1,5,7,New,Netherlands,4,1.8
CUST_00184,56,815.01,4,4,3,3,10,At-Risk,Spain,3,3.5
CUST_00185,80,723.45,4,4,3,3,10,At-Risk,United Kingdom,3,3.5
CUST_00186,284,119.14,2,2,1,1,4,Lost,Germany,5,1.5
CUST_00187,264,174.21,1,2,1,1,4,Lost,Spain,5,1.5
CUST_00188,378,1347.8600000000001,4,1,3,4,8,New,United Kingdom,4,2.2
CUST_00189,158,69.17999999999999,1,3,1,1,5,Lost,United Kingdom,5,2.0
CUST_00190,73,974.03,5,4,4,3,11,Loyal,United Kingdom,2,3.8000000000000003
CUST_00191,140,794.8199999999999,3,3,2,3,8,New,United Kingdom,4,2.7
CUST_00192,116,1213.29,4,3,3,4,10,At-Risk,Spain,3,3.2
CUST_00193,213,276.58,4,2,3,1,6,Lost,Netherlands,5,2.1
CUST_00194,127,955.7,4,3,3,3,9,At-Risk,Germany,3,3.0
CUST_00195,20,443.57,4,5,3,2,10,At-Risk,United Kingdom,3,3.8
CUST_00196,125,705.48,4,3,3,2,8,New,United Kingdom,4,2.8
CUST_00197,258,349.3,1,2,1,1,4,Lost,France,5,1.5
CUST_00198,411,846.38,6,1,5,3,9,At-Risk,Spain,3,2.6
CUST_00199,282,1056.74,4,2,3,4,9,At-Risk,Spain,3,2.7
CUST_00200,477,194.4,1,1,1,1,3,Lost,France,5,1.0
CUST_00201,242,484.62,2,2,1,2,5,Lost,Germany,5,1.7000000000000002
CUST_00202,332,401.59,4,1,3,1,5,Lost,United Kingdom,5,1.5999999999999999
CUST_00203,65,815.4399999999999,4,4,3,3,10,At-Risk,United Kingdom,3,3.5
CUST_00204,97,1692.78,8,4,5,5,14,High-Value,Spain,1,4.5
CUST_00205,171,1369.95,5,3,4,4,11,Loyal,Germany,2,3.5
CUST_00206,646,1224.02,4,1,3,4,8,New,United Kingdom,4,2.2
CUST_00207,17,2020.52,5,5,4,5,14,High-Value,United Kingdom,1,4.7
CUST_00208,128,1017.8599999999999,4,3,3,3,9,At-Risk,Germany,3,3.0
CUST_00209,231,525.27,4,2,3,2,7,New,United Kingdom,4,2.3
CUST_00210,68,983.04,3,4,2,3,9,At-Risk,United Kingdom,3,3.2
CUST_00211,12,1587.84,5,5,4,5,14,High-Value,United Kingdom,1,4.7
CUST_00212,78,1324.24,6,4,5,4,13,High-Value,Germany,1,4.3
CUST_00213,287,1405.64,5,2,4,5,11,Loyal,Germany,2,3.2
CUST_00214,225,427.29,2,2,1,2,5,Lost,United Kingdom,5,1.7000000000000002
CUST_00215,52,627.65,4,4,3,2,9,At-Risk,France,3,3.3
CUST_00216,165,301.66999999999996,3,3,2,1,6,Lost,United Kingdom,5,2.3000000000000003
CUST_00217,150,333.0,4,3,3,1,7,New,United Kingdom,4,2.6
CUST_00218,406,429.14,3,1,2,2,5,Lost,France,5,1.5
CUST_00219,312,375.83,2,2,1,1,4,Lost,Germany,5,1.5
CUST_00220,99,1245.62,5,4,4,4,12,Loyal,Spain,2,4.0
CUST_00221,73,249.81,4,4,3,1,8,New,Germany,4,3.1
CUST_00222,21,1334.5300000000002,3,5,2,4,11,Loyal,United Kingdom,2,3.9000000000000004
CUST_00223,7,357.56,4,5,3,1,9,At-Risk,United Kingdom,3,3.6
CUST_00224,11,501.31,5,5,4,2,11,Loyal,United Kingdom,2,4.1000000000000005
CUST_00225,129,2297.1200000000003,6,3,5,5,13,High-Value,United Kingdom,1,4.0
CUST_00226,288,1599.85,5,2,4,5,11,Loyal,United Kingdom,2,3.2
CUST_00227,181,546.6800000000001,2,2,1,2,5,Lost,Belgium,5,1.7000000000000002
CUST_00228,33,766.59,3,5,2,3,10,At-Risk,United Kingdom,3,3.7
CUST_00229,82,1202.81,5,4,4,4,12,Loyal,Spain,2,4.0
CUST_00230,11,1095.37,4,5,3,4,12,Loyal,Germany,2,4.2
CUST_00231,76,1079.38,8,4,5,4,13,High-Value,France,1,4.3
CUST_00232,215,1046.44,5,2,4,3,9,At-Risk,United Kingdom,3,2.8000000000000003
CUST_00233,202,2345.34,6,2,5,5,12,Loyal,United Kingdom,2,3.5
CUST_00234,64,445.69,3,4,2,2,8,New,United Kingdom,4,3.0
CUST_00235,129,238.81,4,3,3,1,7,New,United Kingdom,4,2.6
CUST_00236,36,1508.8000000000002,7,5,5,5,15,High-Value,France,1,5.0
CUST_00237,161,830.53,3,3,2,3,8,New,United Kingdom,4,2.7
CUST_00238,187,786.44,3,2,2,3,7,New,United Kingdom,4,2.2
CUST_00239,98,1267.4299999999998,4,4,3,4,11,Loyal,Germany,2,3.7
CUST_00240,52,1991.8,6,4,5,5,14,High-Value,United Kingdom,1,4.5
CUST_00241,22,263.84000000000003,2,5,1,1,7,New,Netherlands,4,3.0
CUST_00242,280,193.49,3,2,2,1,5,Lost,Belgium,5,1.8
CUST_00243,75,1256.79,5,4,4,4,12,Loyal,Netherlands,2,4.0
CUST_00244,142,286.19,3,3,2,1,6,Lost,United Kingdom,5,2.3000000000000003
CUST_00245,19,1442.98,5,5,4,5,14,High-Value,United Kingdom,1,4.7
CUST_00246,291,220.0,2,2,1,1,4,Lost,Netherlands,5,1.5
CUST_00247,22,1148.18,3,5,2,4,11,Loyal,United Kingdom,2,3.9000000000000004
CUST_00248,299,327.92,2,2,1,1,4,Lost,Belgium,5,1.5
CUST_00249,256,1075.42,3,2,2,4,8,New,Belgium,4,2.4000000000000004
CUST_00250,345,416.91999999999996,2,1,1,2,4,Lost,Spain,5,1.2000000000000002
CUST_00251,581,1327.25,2,1,1,4,6,Lost,United Kingdom,5,1.6
CUST_00252,66,2625.55,6,4,5,5,14,High-Value,United Kingdom,1,4.5
CUST_00253,435,563.5699999999999,2,1,1,2,4,Lost,Spain,5,1.2000000000000002
CUST_00254,88,2137.99,5,4,4,5,13,High-Value,United Kingdom,1,4.2
CUST_00255,108,1368.86,5,3,4,4,11,Loyal,United Kingdom,2,3.5
CUST_00256,207,839.07,2,2,1,3,6,Lost,United Kingdom,5,1.9000000000000001
CUST_00257,532,591.0799999999999,2,1,1,2,4,Lost,Netherlands,5,1.2000000000000002
CUST_00258,256,300.21000000000004,5,2,4,1,7,New,Germany,4,2.4000000000000004
CUST_00259,79,816.36,6,4,5,3,12,Loyal,United Kingdom,2,4.1
CUST_00260,378,1532.53,5,1,4,5,10,At-Risk,United Kingdom,3,2.7
CUST_00261,572,193.35000000000002,2,1,1,1,3,Lost,Germany,5,1.0
CUST_00262,58,908.92,4,4,3,3,10,At-Risk,Switzerland,3,3.5
CUST_00263,175,1286.37,4,3,3,4,10,At-Risk,United Kingdom,3,3.2
CUST_00264,141,894.6600000000001,3,3,2,3,8,New,United Kingdom,4,2.7
CUST_00265,247,368.35,3,2,2,1,5,Lost,Spain,5,1.8
CUST_00266,86,781.01,6,4,5,3,12,Loyal,France,2,4.1
CUST_00267,19,428.30000000000007,3,5,2,2,9,At-Risk,Germany,3,3.5
CUST_00268,36,386.59,3,5,2,1,8,New,France,4,3.3000000000000003
CUST_00269,456,350.18999999999994,1,1,1,1,3,Lost,United Kingdom,5,1.0
CUST_00270,338,435.55,2,1,1,2,4,Lost,United Kingdom,5,1.2000000000000002
CUST_00271,28,1658.3899999999999,5,5,4,5,14,High-Value,Spain,1,4.7
CUST_00272,464,1204.94,4,1,3,4,8,New,Spain,4,2.2
CUST_00273,162,1161.15,5,3,4,4,11,Loyal,Spain,2,3.5
CUST_00274,477,356.85,3,1,2,1,4,Lost,Netherlands,5,1.3
CUST_00275,123,188.23000000000002,2,3,1,1,5,Lost,United Kingdom,5,2.0
CUST_00276,23,906.2900000000001,3,5,2,3,10,At-Risk,United Kingdom,3,3.7
CUST_00277,39,2449.68,6,5,5,5,15,High-Value,France,1,5.0
CUST_00278,69,217.08,1,4,1,1,6,Lost,Germany,5,2.5
CUST_00279,324,423.71999999999997,3,1,2,2,5,Lost,France,5,1.5
CUST_00280,0,1422.22,5,5,4,5,14,High-Value,France,1,4.7
CUST_00281,426,372.43,2,1,1,1,3,Lost,Spain,5,1.0
CUST_00282,125,627.78,5,3,4,2,9,At-Risk,United Kingdom,3,3.1
CUST_00283,443,1296.61,5,1,4,4,9,At-Risk,United Kingdom,3,2.5
CUST_00284,93,1417.1299999999999,3,4,2,5,11,Loyal,United Kingdom,2,3.6
CUST_00285,295,491.82,3,2,2,2,6,Lost,United Kingdom,5,2.0
CUST_00286,232,1829.16,8,2,5,5,12,Loyal,United Kingdom,2,3.5
CUST_00287,227,301.43,3,2,2,1,5,Lost,United Kingdom,5,1.8
CUST_00288,40,719.28,3,5,2,3,10,At-Risk,United Kingdom,3,3.7
CUST_00289,95,1151.1999999999998,3,4,2,4,10,At-Risk,United Kingdom,3,3.4000000000000004
CUST_00290,17,2418.56,6,5,5,5,15,High-Value,United Kingdom,1,5.0
CUST_00291,316,351.53999999999996,2,2,1,1,4,Lost,United Kingdom,5,1.5
CUST_00292,32,541.4300000000001,3,5,2,2,9,At-Risk,United Kingdom,3,3.5
CUST_00293,81,2285.4,4,4,3,5,12,Loyal,Spain,2,3.9
CUST_00294,446,366.99,2,1,1,1,3,Lost,United Kingdom,5,1.0
CUST_00295,250,148.94,2,2,1,1,4,Lost,United Kingdom,5,1.5
CUST_00296,84,723.6700000000001,3,4,2,3,9,At-Risk,United Kingdom,3,3.2
CUST_00297,27,453.65000000000003,4,5,3,2,10,At-Risk,France,3,3.8
CUST_00298,263,1340.44,3,2,2,4,8,New,United Kingdom,4,2.4000000000000004
CUST_00299,38,1385.72,5,5,4,5,14,High-Value,Germany,1,4.7
CUST_00300,527,111.11,3,1,2,1,4,Lost,United Kingdom,5,1.3
CUST_00301,225,1232.12,7,2,5,4,11,Loyal,United Kingdom,2,3.3
CUST_00302,30,1505.75,6,5,5,5,15,High-Value,United Kingdom,1,5.0
CUST_00303,6,926.83,4,5,3,3,11,Loyal,United Kingdom,2,4.0
CUST_00304,539,1138.4,2,1,1,4,6,Lost,Germany,5,1.6
CUST_00305,376,585.46,3,1,2,2,5,Lost,France,5,1.5
CUST_00306,168,1256.9499999999998,5,3,4,4,11,Loyal,Belgium,2,3.5
CUST_00307,50,1179.11,5,4,4,4,12,Loyal,United Kingdom,2,4.0
CUST_00308,451,904.15,3,1,2,3,6,Lost,United Kingdom,5,1.7000000000000002
CUST_00309,318,1130.34,3,1,2,4,7,New,France,4,1.9000000000000001
CUST_00310,87,960.74,5,4,4,3,11,Loyal,United Kingdom,2,3.8000000000000003
CUST_00311,24,720.98,5,5,4,3,12,Loyal,United Kingdom,2,4.300000000000001
CUST_00312,99,443.54999999999995,3,4,2,2,8,New,United Kingdom,4,3.0
CUST_00313,100,1779.19,5,4,4,5,13,High-Value,United Kingdom,1,4.2
CUST_00314,41,663.74,3,5,2,2,9,At-Risk,Belgium,3,3.5
CUST_00315,255,462.87,3,2,2,2,6,Lost,Spain,5,2.0
CUST_00316,445,245.47,2,1,1,1,3,Lost,Germany,5,1.0
CUST_00317,158,365.25,2,3,1,1,5,Lost,United Kingdom,5,2.0
CUST_00318,32,1833.43,4,5,3,5,13,High-Value,United Kingdom,1,4.4
CUST_00319,363,1233.58,4,1,3,4,8,New,United Kingdom,4,2.2
CUST_00320,313,1306.53,5,2,4,4,10,At-Risk,United Kingdom,3,3.0
CUST_00321,594,328.65999999999997,2,1,1,1,3,Lost,United Kingdom,5,1.0
CUST_00322,85,1678.48,5,4,4,5,13,High-Value,France,1,4.2
CUST_00323,341,1038.22,4,1,3,3,7,New,Germany,4,2.0
CUST_00324,215,588.12,3,2,2,2,6,Lost,United Kingdom,5,2.0
CUST_00325,59,1378.74,6,4,5,5,14,High-Value,Belgium,1,4.5
CUST_00326,32,1128.1799999999998,5,5,4,4,13,High-Value,France,1,4.5
CUST_00327,160,2233.57,7,3,5,5,13,High-Value,United Kingdom,1,4.0
CUST_00328,60,1321.53,5,4,4,4,12,Loyal,Germany,2,4.0
CUST_00329,234,1106.2,4,2,3,4,9,At-Risk,United Kingdom,3,2.7
CUST_00330,191,146.92000000000002,2,2,1,1,4,Lost,United Kingdom,5,1.5
CUST_00331,87,529.56,3,4,2,2,8,New,United Kingdom,4,3.0
CUST_00332,380,501.05999999999995,2,1,1,2,4,Lost,France,5,1.2000000000000002
CUST_00333,378,504.95,4,1,3,2,6,Lost,United Kingdom,5,1.7999999999999998
CUST_00334,14,343.01,3,5,2,1,8,New,United Kingdom,4,3.3000000000000003
CUST_00335,2,2407.77,9,5,5,5,15,High-Value,United Kingdom,1,5.0
CUST_00336,129,1614.3799999999999,6,3,5,5,13,High-Value,United Kingdom,1,4.0
CUST_00337,113,502.53,1,3,1,2,6,Lost,Spain,5,2.2
CUST_00338,23,1576.77,8,5,5,5,15,High-Value,France,1,5.0
CUST_00339,158,79.7,1,3,1,1,5,Lost,United Kingdom,5,2.0
CUST_00340,251,1155.3700000000001,3,2,2,4,8,New,United Kingdom,4,2.4000000000000004
CUST_00341,150,1285.33,5,3,4,4,11,Loyal,United Kingdom,2,3.5
CUST_00342,27,85.28,2,5,1,1,7,New,United Kingdom,4,3.0
CUST_00343,252,663.13,4,2,3,2,7,New,United Kingdom,4,2.3
CUST_00344,380,244.67,3,1,2,1,4,Lost,United Kingdom,5,1.3
CUST_00345,8,681.87,3,5,2,2,9,At-Risk,United Kingdom,3,3.5
CUST_00346,366,1579.3200000000002,4,1,3,5,9,At-Risk,Germany,3,2.4
CUST_00347,33,1585.62,6,5,5,5,15,High-Value,Germany,1,5.0
CUST_00348,495,172.72,2,1,1,1,3,Lost,United Kingdom,5,1.0
CUST_00349,11,281.81,3,5,2,1,8,New,United Kingdom,4,3.3000000000000003
CUST_00350,8,2209.43,7,5,5,5,15,High-Value,Germany,1,5.0
CUST_00351,253,25.56,1,2,1,1,4,Lost,United Kingdom,5,1.5
CUST_00352,207,1455.93,5,2,4,5,11,Loyal,Spain,2,3.2
CUST_00353,88,1245.72,5,4,4,4,12,Loyal,Germany,2,4.0
CUST_00354,84,1465.42,5,4,4,5,13,High-Value,United Kingdom,1,4.2
CUST_00355,32,1646.49,5,5,4,5,14,High-Value,United Kingdom,1,4.7
CUST_00356,173,465.3,1,3,1,2,6,Lost,Germany,5,2.2
CUST_00357,654,591.5999999999999,2,1,1,2,4,Lost,United Kingdom,5,1.2000000000000002
CUST_00358,251,798.49,3,2,2,3,7,New,United Kingdom,4,2.2
CUST_00359,32,688.24,3,5,2,2,9,At-Risk,Netherlands,3,3.5
CUST_00360,352,1077.26,4,1,3,4,8,New,United Kingdom,4,2.2
CUST_00361,12,1191.8799999999999,3,5,2,4,11,Loyal,United Kingdom,2,3.9000000000000004
CUST_00362,6,1568.41,7,5,5,5,15,High-Value,Germany,1,5.0
CUST_00363,270,724.61,5,2,4,3,9,At-Risk,United Kingdom,3,2.8000000000000003
CUST_00364,178,172.76000000000002,2,3,1,1,5,Lost,United Kingdom,5,2.0
CUST_00365,21,931.05,6,5,5,3,13,High-Value,Netherlands,1,4.6
CUST_00366,436,201.8,1,1,1,1,3,Lost,United Kingdom,5,1.0
CUST_00367,51,2041.5,6,4,5,5,14,High-Value,Belgium,1,4.5
CUST_00368,153,1162.02,3,3,2,4,9,At-Risk,Netherlands,3,2.9000000000000004
CUST_00369,75,714.8399999999999,2,4,1,3,8,New,United Kingdom,4,2.9
CUST_00370,106,443.75,2,3,1,2,6,Lost,United Kingdom,5,2.2
CUST_00371,352,200.31,2,1,1,1,3,Lost,United Kingdom,5,1.0
CUST_00372,26,472.81,4,5,3,2,10,At-Risk,United Kingdom,3,3.8
CUST_00373,448,612.7800000000001,1,1,1,2,4,Lost,United Kingdom,5,1.2000000000000002
CUST_00374,21,299.85,3,5,2,1,8,New,Germany,4,3.3000000000000003
CUST_00375,12,1004.06,3,5,2,3,10,At-Risk,United Kingdom,3,3.7
CUST_00376,100,900.1800000000001,3,4,2,3,9,At-Risk,United Kingdom,3,3.2
CUST_00377,90,764.0,4,4,3,3,10,At-Risk,Spain,3,3.5
CUST_00378,502,736.6500000000001,2,1,1,3,5,Lost,United Kingdom,5,1.4000000000000001
CUST_00379,36,1025.32,4,5,3,3,11,Loyal,Spain,2,4.0
CUST_00380,109,2126.31,8,3,5,5,13,High-Value,United Kingdom,1,4.0
CUST_00382,148,2066.34,5,3,4,5,12,Loyal,Germany,2,3.7
CUST_00383,28,879.1500000000001,4,5,3,3,11,Loyal,Germany,2,4.0
CUST_00384,46,1177.3200000000002,5,4,4,4,12,Loyal,Spain,2,4.0
CUST_00385,199,1074.6,4,2,3,4,9,At-Risk,France,3,2.7
CUST_00386,14,1470.5700000000002,4,5,3,5,13,High-Value,Spain,1,4.4
CUST_00387,355,757.03,4,1,3,3,7,New,United Kingdom,4,2.0
CUST_00388,294,396.59000000000003,3,2,2,1,5,Lost,United Kingdom,5,1.8
CUST_00389,410,585.14,2,1,1,2,4,Lost,France,5,1.2000000000000002
CUST_00390,487,48.06,2,1,1,1,3,Lost,Spain,5,1.0
CUST_00391,191,1380.9199999999998,5,2,4,5,11,Loyal,Switzerland,2,3.2
CUST_00392,40,261.92,1,5,1,1,7,New,United Kingdom,4,3.0
CUST_00393,79,972.23,3,4,2,3,9,At-Risk,United Kingdom,3,3.2
CUST_00394,104,1688.0700000000002,5,3,4,5,12,Loyal,France,2,3.7
CUST_00395,396,713.13,3,1,2,3,6,Lost,United Kingdom,5,1.7000000000000002
CUST_00396,111,434.21000000000004,5,3,4,2,9,At-Risk,Netherlands,3,3.1
CUST_00397,167,1344.06,6,3,5,4,12,Loyal,Spain,2,3.8
CUST_00398,95,679.61,4,4,3,2,9,At-Risk,United Kingdom,3,3.3
CUST_00399,307,182.54,1,2,1,1,4,Lost,France,5,1.5
CUST_00400,241,853.8199999999999,5,2,4,3,9,At-Risk,France,3,2.8000000000000003
CUST_00401,95,777.24,5,4,4,3,11,Loyal,United Kingdom,2,3.8000000000000003
CUST_00402,143,577.55,6,3,5,2,10,At-Risk,Netherlands,3,3.4
CUST_00403,417,993.5999999999999,4,1,3,3,7,New,United Kingdom,4,2.0
CUST_00404,11,1209.31,6,5,5,4,14,High-Value,Spain,1,4.8
CUST_00405,108,1863.43,8,3,5,5,13,High-Value,United Kingdom,1,4.0
CUST_00406,419,593.96,2,1,1,2,4,Lost,Spain,5,1.2000000000000002
CUST_00407,221,1396.36,6,2,5,5,12,Loyal,United Kingdom,2,3.5
CUST_00408,251,658.81,3,2,2,2,6,Lost,United Kingdom,5,2.0
CUST_00409,48,1070.92,5,4,4,4,12,Loyal,Netherlands,2,4.0
CUST_00410,147,1094.33,2,3,1,4,8,New,United Kingdom,4,2.6
CUST_00411,153,725.49,5,3,4,3,10,At-Risk,United Kingdom,3,3.3000000000000003
CUST_00412,589,139.81,2,1,1,1,3,Lost,Belgium,5,1.0
CUST_00413,8,929.01,7,5,5,3,13,High-Value,Belgium,1,4.6
CUST_00414,215,621.7,4,2,3,2,7,New,United Kingdom,4,2.3
CUST_00415,37,690.93,2,5,1,2,8,New,Germany,4,3.1999999999999997
CUST_00416,75,873.49,4,4,3,3,10,At-Risk,United Kingdom,3,3.5
CUST_00417,13,1006.22,3,5,2,3,10,At-Risk,United Kingdom,3,3.7
CUST_00418,108,743.35,3,3,2,3,8,New,United Kingdom,4,2.7
CUST_00419,325,1688.4,6,1,5,5,11,Loyal,Germany,2,3.0
CUST_00420,219,2102.06,4,2,3,5,10,At-Risk,France,3,2.9
CUST_00421,290,1269.85,3,2,2,4,8,New,France,4,2.4000000000000004
CUST_00422,214,626.72,5,2,4,2,8,New,France,4,2.6
CUST_00423,255,644.29,4,2,3,2,7,New,United Kingdom,4,2.3
CUST_00424,17,968.4300000000001,4,5,3,3,11,Loyal,United Kingdom,2,4.0
CUST_00425,115,731.27,4,3,3,3,9,At-Risk,United Kingdom,3,3.0
CUST_00426,331,1652.64,4,1,3,5,9,At-Risk,United Kingdom,3,2.4
CUST_00427,386,655.5500000000001,1,1,1,2,4,Lost,United Kingdom,5,1.2000000000000002
CUST_00428,153,1048.41,5,3,4,3,10,At-Risk,Spain,3,3.3000000000000003
CUST_00429,12,449.49,2,5,1,2,8,New,United Kingdom,4,3.1999999999999997
CUST_00430,211,2000.3200000000002,5,2,4,5,11,Loyal,United Kingdom,2,3.2
CUST_00431,72,1021.5,7,4,5,3,12,Loyal,United Kingdom,2,4.1
CUST_00432,151,2022.2700000000002,7,3,5,5,13,High-Value,France,1,4.0
CUST_00433,387,562.9,4,1,3,2,6,Lost,Germany,5,1.7999999999999998
CUST_00434,82,982.3900000000001,3,4,2,3,9,At-Risk,United Kingdom,3,3.2
CUST_00435,318,491.04,1,1,1,2,4,Lost,United Kingdom,5,1.2000000000000002
CUST_00436,46,964.6,5,4,4,3,11,Loyal,France,2,3.8000000000000003
CUST_00437,25,150.36,1,5,1,1,7,New,United Kingdom,4,3.0
CUST_00438,351,1053.78,3,1,2,4,7,New,Spain,4,1.9000000000000001
CUST_00439,147,1644.83,5,3,4,5,12,Loyal,France,2,3.7
CUST_00440,328,893.01,6,1,5,3,9,At-Risk,United Kingdom,3,2.6
CUST_00441,121,170.44,2,3,1,1,5,Lost,United Kingdom,5,2.0
CUST_00442,36,1608.03,7,5,5,5,15,High-Value,Switzerland,1,5.0
CUST_00443,305,1741.65,6,2,5,5,12,Loyal,United Kingdom,2,3.5
CUST_00444,72,448.46999999999997,2,4,1,2,7,New,United Kingdom,4,2.6999999999999997
CUST_00445,230,427.08000000000004,2,2,1,2,5,Lost,Spain,5,1.7000000000000002
CUST_00446,225,1345.71,4,2,3,4,9,At-Risk,Netherlands,3,2.7
CUST_00447,150,960.8399999999999,4,3,3,3,9,At-Risk,Switzerland,3,3.0
CUST_00448,403,969.95,2,1,1,3,5,Lost,France,5,1.4000000000000001
CUST_00449,112,805.86,4,3,3,3,9,At-Risk,United Kingdom,3,3.0
CUST_00450,13,869.34,4,5,3,3,11,Loyal,United Kingdom,2,4.0
CUST_00451,34,1187.38,6,5,5,4,14,High-Value,France,1,4.8
CUST_00452,219,678.39,2,2,1,2,5,Lost,United Kingdom,5,1.7000000000000002
CUST_00453,146,799.37,2,3,1,3,7,New,United Kingdom,4,2.4000000000000004
CUST_00454,380,382.02,2,1,1,1,3,Lost,Netherlands,5,1.0
CUST_00455,290,1311.06,4,2,3,4,9,At-Risk,United Kingdom,3,2.7
CUST_00456,247,1536.03,6,2,5,5,12,Loyal,United Kingdom,2,3.5
CUST_00457,683,567.84,1,1,1,2,4,Lost,United Kingdom,5,1.2000000000000002
CUST_00458,385,502.24,3,1,2,2,5,Lost,United Kingdom,5,1.5
CUST_00459,135,948.48,5,3,4,3,10,At-Risk,United Kingdom,3,3.3000000000000003
CUST_00460,71,1506.61,8,4,5,5,14,High-Value,United Kingdom,1,4.5
CUST_00461,27,1318.01,6,5,5,4,14,High-Value,United Kingdom,1,4.8
CUST_00462,79,1586.37,4,4,3,5,12,Loyal,Germany,2,3.9
CUST_00463,469,657.7,3,1,2,2,5,Lost,France,5,1.5
CUST_00464,226,287.39,2,2,1,1,4,Lost,United Kingdom,5,1.5
CUST_00465,163,433.77,2,3,1,2,6,Lost,Belgium,5,2.2
CUST_00466,49,621.4000000000001,5,4,4,2,10,At-Risk,United Kingdom,3,3.6
CUST_00467,112,378.95,4,3,3,1,7,New,United Kingdom,4,2.6
CUST_00468,46,595.77,3,4,2,2,8,New,Spain,4,3.0
CUST_00469,105,1967.63,5,3,4,5,12,Loyal,United Kingdom,2,3.7
CUST_00470,125,1645.99,6,3,5,5,13,High-Value,Belgium,1,4.0
CUST_00471,500,372.28,2,1,1,1,3,Lost,United Kingdom,5,1.0
CUST_00472,49,802.47,3,4,2,3,9,At-Risk,Belgium,3,3.2
CUST_00473,239,630.3199999999999,2,2,1,2,5,Lost,United Kingdom,5,1.7000000000000002
CUST_00474,475,273.15999999999997,2,1,1,1,3,Lost,Spain,5,1.0
CUST_00475,97,444.27,3,4,2,2,8,New,United Kingdom,4,3.0
CUST_00476,29,1351.9399999999998,7,5,5,4,14,High-Value,Switzerland,1,4.8
CUST_00477,134,1231.2200000000003,5,3,4,4,11,Loyal,United Kingdom,2,3.5
CUST_00478,75,1602.96,8,4,5,5,14,High-Value,United Kingdom,1,4.5
CUST_00479,77,1100.44,6,4,5,4,13,High-Value,Belgium,1,4.3
CUST_00480,63,909.29,5,4,4,3,11,Loyal,United Kingdom,2,3.8000000000000003
CUST_00481,154,1111.0800000000002,4,3,3,4,10,At-Risk,Germany,3,3.2
CUST_00482,540,186.64,1,1,1,1,3,Lost,Germany,5,1.0
CUST_00483,15,750.85,5,5,4,3,12,Loyal,United Kingdom,2,4.300000000000001
CUST_00484,76,589.53,3,4,2,2,8,New,Germany,4,3.0
CUST_00485,596,710.37,3,1,2,2,5,Lost,United Kingdom,5,1.5
CUST_00486,211,94.16,1,2,1,1,4,Lost,Netherlands,5,1.5
CUST_00487,39,1568.32,4,5,3,5,13,High-Value,United Kingdom,1,4.4
CUST_00488,94,362.6,4,4,3,1,8,New,United Kingdom,4,3.1
CUST_00489,15,1310.81,3,5,2,4,11,Loyal,Belgium,2,3.9000000000000004
CUST_00490,10,2762.19,7,5,5,5,15,High-Value,Spain,1,5.0
CUST_00491,30,1748.05,4,5,3,5,13,High-Value,United Kingdom,1,4.4
CUST_00492,663,362.11,2,1,1,1,3,Lost,Germany,5,1.0
CUST_00493,324,99.16,1,1,1,1,3,Lost,United Kingdom,5,1.0
CUST_00494,215,1228.72,5,2,4,4,10,At-Risk,United Kingdom,3,3.0
CUST_00495,78,565.8,1,4,1,2,7,New,United Kingdom,4,2.6999999999999997
CUST_00496,132,1153.2800000000002,5,3,4,4,11,Loyal,United Kingdom,2,3.5
CUST_00497,73,1071.79,3,4,2,4,10,At-Risk,United Kingdom,3,3.4000000000000004
CUST_00498,191,1215.93,6,2,5,4,11,Loyal,United Kingdom,2,3.3
CUST_00499,13,1833.4,5,5,4,5,14,High-Value,Belgium,1,4.7
CUST_00500,174,370.87,3,3,2,1,6,Lost,Switzerland,5,2.3000000000000003
